"SL","Generic","Dosage","Strength","GDAR","Ref. of DCC"
"1","Cefprozil","Powder For Suspension","125 mg/5 ml","23","DC00233"
"2","Cyclosporine","Capsule","100 mg","58","DC00189"
"3","Candesartan Cilexetil + Hydrochlorothiazide","Tablet","8 mg + 12.5 mg","22","DC00230"
"4","Cinchocaine Hydrochloride + Esculin + Hydrocortisone + Neomycin Sulphate","Suppository","5 mg + 10 mg + 5 mg + 10 mg","33","DC00238"
"5","Rivastigmine","Tablet","1.5 mg","","DC00218"
"6","Calcium Gluconate","Injection","2075 mg/100 ml","77","DC00238"
"7","Clonidine Hydrochloride","Tablet","100 mcg","22","DC00229"
"8","Tamsulosin Hydrochloride","Tablet","400 mcg","49","DC00223"
"9","Tetramisole","Bolus","600 mg","77","DC00238"
"10","Pethidine Hydrochloride","Injection","100 mg","65","DC00149"
"11","Lidocaine Hydrochloride","Injection","10 mg/ml","5","DC00008"
"12","Famotidine","Tablet","20 mg","55","DC00190"
"13","Prednisolone","Tablet","5 mg","72","DC00146"
"14","Betamethasone","Cream","50 mg/100 ml","71","DC00162"
"15","Progesterone","Soft Gelatin Capsule","200 mg","56","DC00240"
"16","Carbimazole","Tablet","20 mg","74","DC00231"
"17","Pioglitazone","Tablet","45 mg","15","DC00220"
"18","Dextran 40 + Dextrose","IV Infusion","10 gm + 5 gm/100 ml","79","DC00171"
"19","Nifedipine","Tablet","20 mg","22","DC00155"
"20","Fenbendazole","Bolus","250 mg","77","DC00238"
"21","Ciprofloxacin + Trimethoprim","Sachet","20 gm + 50 gm","77","DC00238"
"22","Azithromycin","Capsule","250 mg","23","DC00189"
"23","Azithromycin","Powder For Suspension","200 mg/5 ml","23","DC00206"
"24","Pramipexol","Tablet","88 mg","","DC00237"
"25","Ivabradine","Tablet","5 mg","40","DC00238"
"26","Raloxifene Hydrochloride","Tablet","60 mg","48","DC00224"
"27","Sulphamethoxazole + Trimethoprim","Tablet","800 mg + 160 mg","23","DC00205"
"28","Calcium Chloride + Magnessium Chloride + Potassium Chloride + Sodium Chloride","Dialysis Solution","5.14 gm + 3.56 gm + 5.2 gm + 198.4 gm/Litres","59","DC00227"
"29","Pramipexol","Tablet","88 mcg","25","DC00237"
"30","Dutasteride","Soft Gelatin Capsule","500 mcg","56","DC00235"
"31","Triamcinolone Acetonide","Oral Paste","100 mg/100 gm","73","DC00235"
"32","Glimepiride + Rosiglitazone","Tablet","2 mg + 4 mg","15","DC00233"
"33","Meclizine Hydrochloride","Tablet","50 mg","18","DC00224"
"34","Atenolol","Tablet","25 mg","22","DC00217"
"35","Amoxicillin","Injection","15 gm/vial","77","DC00207"
"36","Glipizide + Metformin Hydrochloride","Tablet","2.5 mg + 250 mg","15","DC00230"
"37","Calcium Chloride + Dextrose Anhydrous + Magnessium Chloride + Sodium Acetate + Sodium Chloride","Dialysis Solution",".0257 % + 1.5 % + .0152 % + .369 % + .561 %","59","DC00171"
"38","Monosemicarbazone Adrenochrome","Injection","5 mg/ml","1","DC00162"
"39","Azithromycin","Paediatric Drops","200 mg/5 ml","23","DC00204"
"40","Ascorbic Acid + Calcium Pantothenate + Cyanocobalamin + Nicotinamide + Pyridoxine Hydrochloride + Riboflavin + Vitamin A + Vitamin B1 + Vitamin D + Vitamin E","Tablet","75 mg + 5 mg + 2 mcg + 13 mg + 1 mg + 10 mg + 5000 IU + 1.5 mg + 400 IU + 5 IU","78","DC00193"
"41","Mycophenolate Acid","Tablet","180 mcg","10","DC00228"
"42","Chloramphenicol + Dexamethasone","Eye Drops","5 mg + 1 mg/ml","52","DC00214"
"43","Doxorubicin Hydrochloride","Injection","10 mg/vial","10","DC00238"
"44","Methylphenidate Hydrochloride","Capsule","40 mg","14","DC00226"
"45","Ascorbic Acid + Calcium Carbonate + Calcium Gluconate + Calcium Lactate","Tablet","500 mg + 327 mg + 578 mg + 422 mg","62","DC00216"
"46","Sodium Hyaluronate","Eye Drops","10 mg/ml","52","DC00203"
"47","Milrinone","IV Injection","1 mg/ml","40","DC00237"
"48","Erythromycin","Lotion","150 mg/5 ml","71","DC00215"
"49","Cefprozil","Tablet","500 mg","23","DC00229"
"50","Chloramphenicol + Oxytetracycline + Prednisolone","Injection","100 mg + 50 mg + 5 mg","",""
"51","Povidone Iodine","Topical Solution","10 gm/100 ml","71","DC00209"
"52","Adenosine","Injection","6 mg/2ml","9","DC00233"
"53","Riboflavin + Vitamin B1","Sachet","2 gm + 5 gm","77","DC00238"
"54","Disposable Syringe","Syringe","10 ml","41","DC00122"
"55","Risedronate Sodium","Tablet","35 mg","28","DC00226"
"56","Oxytetracycline","Injection","10 gm/100 ml","77","DC00223"
"57","Phenoxymethyl Penicillin","Tablet","250 mg","23","DC00160"
"58","Rabeprazole Sodium","Tablet","20 mg","67","DC00220"
"59","Morphine Sulphate","Cr Tablet","30 mg","10","DC00227"
"60","Ferrous Fumarate + Folic Acid","Tablet","200 mg + 400 mcg","45","DC00238"
"61","Aminophylline","Suppository","350 mg","44","DC00194"
"62","Proguanil Hydrochloride","Tablet","100 mg","24","DC00196"
"63","Betamethasone","Cream","100 mg/100 gm","71","DC00114"
"64","Chlorpheniramine Maleate + Hydrocodon Bitartrate + Phenylephrine Hydrochloride","Syrup","40 mg + 50 mg + 100 mg/100 ml","31","DC00226"
"65","Glyceryl Trinitrate","Ointment","4 mg/gm","71","DC00237"
"66","Oxiconazole","Lotion","1 gm/100 ml","71","DC00237"
"67","Ertapenem","Injection","1 gm/vial","23","DC00234"
"68","Sulphadiazine + Trimethoprim","Bolus","1000 mg + 200 mg","77","DC00238"
"69","Catechu + Chalk","Powder","10 gm + 150 gm","77","DC00238"
"70","Adefovir Dipivoxil","Tablet","10 mg","32","DC00226"
"71","Thiamine Hydrochloride","Injection","100 mg/ml","78","DC00162"
"72","Phenoxymethyl Penicillin","Powder For Suspension","125 mg/5 ml","23","DC00146"
"73","Sodium Bicarbonate","Injection","7.5 %/100 ml","",""
"74","Carbidopa + Levodopa","Tablet","10 mg + 100 mg","25","DC00160"
"75","Beclomethasone Dipropionate","Aerosol Inhalation","250 mcg/Metered Inhalation","44","DC00206"
"76","Neomycin Sulphate + Prednisolone","Eye and Ear Drops","500 mg + 500 mg/100 ml","52","DC00221"
"77","Ascorbic Acid + Calcium d-Pantothenate + Cyanocobalamin + Folic Acid + Nicotinamide + Pyridoxine Hydrochloride + Riboflavin + Vitamin B1","Capsule","150 mg + 12.5 mg + 5 mcg + 1 mg + 50 mg + 3 mg + 10 mg + 10 mg","78","DC00230"
"78","Imatinib","Tablet","100 mg","10","DC00229"
"79","Febuxostat","Tablet","80 mg","76","DC00238"
"80","Fluocinolone Acetonide","Cream","25 mg/100 gm","71","DC00182"
"81","Lamotrigine","Tablet","50 mg","46","DC00209"
"82","Amlodipine Besylate","Pellets","100 %","34",""
"83","Streptomycin + Sulfadiazine + Sulfadimidine + Sulfapyridine","Bolus","250 mg + 1.583 gm + 1.583 gm + 1.583 gm","77","DC00131"
"84","Doxycycline + Tylosin","Powder","20 gm + 23 gm/100 gm","77","DC00238"
"85","Niclosamide","Bolus","1 gm","77","DC00238"
"86","Bupivacaine + Dextrose","Injection","20 mg + 320 mg/4 ml","5","DC00210"
"87","Hydrochlorothiazide","Tablet","50 mg","42","DC00160"
"88","Sulphamethoxazole + Trimethoprim","Suspension","10 gm + 2 gm/100 ml","77","DC00238"
"89","Dextrose Anhydrous + Potassium Chloride + Sodium Bicarbonate + Sodium Chloride + Vitamin A","Powder","4.5 gm + 1.25 gm + 12.5 gm + 6.65 gm + 50000 IU","77","DC00238"
"90","Dextrose + Sodium Chloride","IV Infusion","10 % + .18 %","79","DC00171"
"91","Niacin","Tablet","50 mg","78","DC00238"
"92","Nikethamide","Injection","500 mg/2 ml","17","DC00160"
"93","Sodium Cromoglycate","Eye Drops","40 mg/ml","50","DC00209"
"94","Atorvastatin","Tablet","10 mg","61","DC00218"
"95","Butaphosphan + Cyanocobalamin","Injection","10 gm + 5 mg/100 ml","77","DC00238"
"96","Haloperidol","Injection","50 mg/ml","28","DC00191"
"97","Cefuroxime","Injection","1 gm/vial","23","DC00191"
"98","Carbamazepine","Suspension","100 mg/5 ml","46","DC00167"
"99","Trimebutine Maleate","Tablet","100 mg","11","DC00238"
"100","Tranexamic Acid","Capsule","250 mg","19","DC00203"
"101","Adenosine + Cytochrome C + Nicotinamide + Sodium Succinate","Eye Drops","200 mg + 50 mg + 1 gm + 100 mg/100 ml","52","DC00208"
"102","Miglitol","Tablet","25 mg","15","DC00237"
"103","Miglitol","Tablet","100 mg","15","DC00237"
"104","Neomycin Sulphate + Polymixin B Sulphate + Pramoxine","Cream","3.5 mg + 10000 IU + 10 mg/gm","71","DC00234"
"105","Diflorasone Diacetate","Ointment",".05 gm/100 gm","71","DC00238"
"106","Toldimfos Sodium","Injection","200 mg/ml","77","DC00204"
"107","Valsartan","Tablet","160 mg","22","DC00224"
"108","Nateglinide","Tablet","120 mg","15","DC00220"
"109","Betamethasone + Clotrimazole","Cream","50 mg + 1 gm/100 gm","71","DC00189"
"110","Pantoprazole","Capsule","40 mg","",""
"111","Bupivacaine","Injection","2.5 mg/1ml","5","DC00160"
"112","Vecuronium Bromide","Injection","4 mg/ml","63","DC00190"
"113","Salbutamol","Raw Materials","48 gm/KG","34",""
"114","Clonazepam","Tablet","1 mg","46","DC00240"
"115","Esomeprazole + Naproxen","Tablet","20 mg + 375 mg","64","DC00240"
"116","Esomeprazole + Naproxen","Tablet","20 mg + 500 mg","64","DC00240"
"117","Lidocaine","Spray","10 gm/100 gm","5","DC00240"
"118","Magaldrate + Simethicone","Chewable Tablet","480 mg + 20 mg","7","DC00239"
"119","Fluconazole","IV Infusion","200 mg/100 ml","20","DC00239"
"120","Fluconazole","IV Infusion","50 mg","20",""
"121","Betamethasone + Calcipotriol","Ointment",".05 gm + .005 gm/100 gm","71","DC00240"
"122","Cypermethrin","Emulsion","200 gm/ Litres","77","DC00228"
"123","Amoxicillin + Clavulanic Acid","Tablet","250 mg + 125 mg","23","DC00206"
"124","Ketoprofen","Injection","100 mg/2 ml","64","DC00189"
"125","Metronidazole","Suppository","1 gm","27","DC00217"
"126","Lactitol","Powder","10 gm","60","DC00224"
"127","Vitamin E","Capsule","200 IU","78",""
"128","Menthol + Methyl Salicylate","Cream","10 gm + 30 gm/100 gm","71",""
"129","Ferrous Gluconate","Syrup","300 mg/5 ml","45","DC00146"
"130","Magnesium Trisillicate","Raw Materials","100 %","34",""
"131","Albendazole","Bolus","150 mg","77","DC00238"
"132","Fluconazole","IV Infusion","400 mg/200 ml","20","DC00239"
"133","Amoxicillin","Bolus","1 gm","77","DC00239"
"134","Sodium Chloride + Sodium Hydrogen Carbonate","Dialysis Solution","66 gm + 30.5 gm/Litres","59",""
"135","Budesonide + Formoterol Fumarate","Cozycap","400 mcg + 12 mcg","44","DC00238"
"136","Promethazine Hydrochloride","Injection","500 mg/10 ml","77","DC00238"
"137","Cyproterone Acetate + Ethinylestradiol","Tablet","2 mg + 35 mcg","56","DC00237"
"138","Norethisterone","Tablet","5 mg","39","DC00140"
"139","Etodolac","Tablet","600 mg","64","DC00234"
"140","Procyclidine Hydrochloride","Injection","10 mg/2 ml","46","DC00160"
"141","Ropinirole","Tablet","1 mg","25","DC00235"
"142","Azithromycin","Eye Drops","1 gm/100 ml","52","DC00237"
"143","Memantine Hydrochloride","Tablet","10 mg","37","DC00238"
"144","Cefotaxime","IV/IM Injection","2 gm/vial","23","DC00238"
"145","Ritodrine Hydrochloride","Injection","10 mg/ml","49","DC00203"
"146","Vitamin E","Tablet","800 mg","",""
"147","Carbonyl Iron + Folic Acid + Zinc","Injection","50 mg + 500 mcg + 22.5 mg","",""
"148","Trimetazidine Hydrochloride","Capsule","60 mg","40","DC00231"
"149","Diloxanide Furoate","Suspension","250 mg/5 ml","27","DC00103"
"150","Calcium Carbonate","Capsule","1250 mg","",""
"151","Ciprofloxacin","Eye and Ear Drops","300 mg/100 ml","52","DC00208"
"152","Desloratadine + Pseudoephedrine Sulphate","Tablet","2.5 mg + 120 mg","21","DC00233"
"153","Cilastatin + Imipenem","IV/IM Injection","500 mg + 500 mg","23","DC00233"
"154","Phenytoin Sodium","Injection","50 mg","46","DC00233"
"155","Thiophanate","Powder","2 gm/100 gm","77","DC00238"
"156","Hydrocortisone + Neomycin Sulphate + Polymixin B Sulphate","Eye and Ear Drops","10 mg + 3400 IU + 10000 IU/ml","52","DC00238"
"157","Dextrose + Lidocaine Hydrochloride","Injection","75 mg + 50 mg/ml","5","DC00211"
"158","Vitamin C","Gum","125 mg","78","DC00233"
"159","Benzocaine + Camphor + Methanol + Phenol","Solution","200 mg + 250 mg + 250 mg + 450 mg/100 ml","71","DC00234"
"160","Benzocaine + Camphor + Methanol + Phenol","Solution","65 mg + 250 mg + 250 mg + 450 mg/100 ml","71","DC00234"
"161","Dextromethorphan + Guaiphenesin + Pseudoephedrine","Syrup","200 mg + 2 gm + 600 mg/100 ml","31","DC00206"
"162","Insulin (Human) 30/70","Injection","1.388 mg/ml","15","DC00194"
"163","Insulin (Human) 30/70","Injection","3.47 mg/ml","15","DC00194"
"164","Levosalbutamol","Nebuliser Solution","360 mcg/3 ml","44",""
"165","Calcium Gluconate","Injection","1 gm/10 ml","62","DC00123"
"166","Promethazine Hydrochloride","Injection","25 mg/ml","21","DC00149"
"167","Hyoscine Butyl Bromide","Injection","20 mg/ml","11","DC00149"
"168","Lomefloxacin","Tablet","400 mg","23","DC00207"
"169","Sulphacetamide Sodium","Eye Drops","20 gm/100 ml","52","DC00163"
"170","Oxybuprocaine Hydrochloride","Eye Drops","4 mg/ml","52","DC00238"
"171","Aceclofenac","Tablet","100 mg","64","DC00224"
"172","Aluminium Oxide + Magnesium Hydroxide","Suspension","175 mg + 225 mg/5 ml","7","DC00149"
"173","Halobetasol Propionate","Cream","50 mg/100 gm","71","DC00238"
"174","Interferon Alfa 2b","Injection","5 MIU","58","DC00191"
"175","Verapamil Hydrochloride","Tablet","120 mg","22","DC00238"
"176","Chlorhexidine Gluconate + Lidocaine Hydrochloride","Gel","250 mg + 2 gm/100 gm","71","DC00220"
"177","Flutamide","Tablet","250 mg","10","DC00193"
"178","Diphenhydramine Hydrochloride","Syrup","12.5 mg/5 ml","21","DC00137"
"179","Nandrolone","Injection","25 mg/ml","48","DC00238"
"180","Menthol + Methyl Salicylate","Cream","10 gm + 15 gm/100 gm","71","DC00231"
"181","Glyceryl Trinitrate","Capsule","2.6 mg","40","DC00225"
"182","Lacidipine","Tablet","2 mg","22","DC00209"
"183","Flunarizine","Capsule","5 mg","47","DC00220"
"184","Lamotrigine","Tablet","200 mg","46",""
"185","Cefpirome","Injection","1 gm/vial","23","DC00226"
"186","Dydrogesterone","Tablet","10 mg","56","DC00238"
"187","Nicotinamide","Tablet","500 mg","",""
"188","Amoxicillin","Powder","80 %","77","DC00238"
"189","Isosorbide Mononitrate","Pellets","100 %","40",""
"190","Adrenochrome Monosemicarbazone","Tablet","5 mg","1","DC00238"
"191","Diclofenac Sodium","Capsule","75 mg","64","DC00100"
"192","Ferrous Fumarate","Raw Materials","100 %","34",""
"193","Metoclopramide Hydrochloride","Injection","10 mg/2 ml","18","DC00125"
"194","Needle","Needle for Syringe",".","41","DC00218"
"195","Flunarizine","Tablet","10 mg","47","DC00224"
"196","Cod Liver Oil","Capsule","300 mg","75","DC00119"
"197","Cefoxitin","Injection","2 gm/vial","23","DC00230"
"198","Lamotrigine","Tablet","25 mg","46","DC00209"
"199","Lovastatin","Tablet","10 mg","61",""
"200","Amikacin","Injection","250 mg/2 ml","23","DC00238"
"201","Gatifloxacin","IV Infusion","200 mg/100 ml","23","DC00230"
"202","Clotrimazole","Vaginal Tablet","150 mg","20",""
"203","Gentamicin","IV Injection","80 mg/100 ml","23","DC00164"
"204","Cefadroxil","Powder For Suspension","250 mg/5 ml","23","DC00233"
"205","Ethanol 70%","Liquid Sprit","70 %","",""
"206","Fluorouracil","Injection","500 mg/10 ml","10","DC00162"
"207","Ergometrine Maleate","Tablet","200 mcg","49","DC00146"
"208","Ivermectin","Injection","10 mg/ml","77","DC00226"
"209","Betamethasone Sodium Phosphate + Neomycin Sulphate","Eye, Ear & Nasal Drops","100 mg + 350 mg/100 ml","50","DC00238"
"210","Amlodipine + Valsartan","Tablet","5 mg + 80 mg","22","DC00237"
"211","Amlodipine + Valsartan","Tablet","5 mg + 160 mg","22","DC00237"
"212","Sulfinpyrazone","Tablet","100 mg","76","DC00237"
"213","Ferrous Sulphate + Folic Acid + Nicotinamide + Pyridoxine Hydrochloride + Riboflavin + Vitamin B1 + Vitamin C","Pellets","34.883 % + .116 % + 2.325 % + .2325 % + .465 % + .465 % + 11.628 %","34",""
"214","Candesartan Cilexetil + Hydrochlorothiazide","Tablet","16 mg + 12.5 mg","22","DC00230"
"215","Diclofenac Sodium","Injection","75 mg/3 ml","64","DC00169"
"216","Mefloquine","Tablet","250 mg","24","DC00194"
"217","Ascorbic Acid + Copper + Lutein + Vitamin E + Zinc","Capsule","60 mg + 2 mg + 6 mg + 30 mg + 15 mg","78","DC00226"
"218","Haloperidol","Tablet","1.5 mg","28","DC00160"
"219","Amlexanox","Oral Paste","50 mg/1 gm","73","DC00235"
"220","Calcium Chloride + Magnesium Hydroxide + Potassium Chloride + Sodium Acetate + Sodium Chloride + Sodium Citrate","IV Infusion","48 mg + 30 mg + 75 mg + 390 mg + 640 mg + 170 mg/100 ml","79","DC00231"
"221","Ciprofloxacin","Suspension","10 gm/100 ml","77","DC00191"
"222","Clindamycin Phosphate + Tretinoin","Gel","1.2 gm + .025 gm/100 gm","23","DC00237"
"223","Sulindac","Tablet","200 mg","64","DC00238"
"224","Marbofloxacin","Bolus","50 mg","77","DC00226"
"225","Rivastigmine","Capsule","6 mg","37","DC00218"
"226","Deferiprone","Tablet","500 mg","45","DC00238"
"227","Insulin Lispro","Injection","100 IU/ml","15","DC00001"
"228","Brimonidine Tartrate + Timolol Maleate","Eye Drops","200 mg + 500 mg/100 ml","52","DC00235"
"229","Sibutramine Hydrochloride","Capsule","15 mg","14",""
"230","Magaldrate + Simethicone","Suspension","480 mg + 20 mg/5 ml","7","DC00234"
"231","Ciprofloxacin + Dexamethasone","Eye Drops","300 mg + 100 mg/100 ml","52","DC00226"
"232","Spironolactone","Tablet","50 mg","42","DC00238"
"233","Pyridoxine Hydrochloride","Tablet","20 mg","78","DC00153"
"234","Gentian Violet","Topical Solution","2 gm/100 ml","71","DC00163"
"235","Enoxaprin","Injection","80 mg/.8 ml","12","DC00211"
"236","Diltiazem Hydrochloride","Tablet","60 mg","22","DC00160"
"237","Diltiazem Hydrochloride","Tablet","90 mg","22","DC00190"
"238","Beclomethasone Dipropionate","Aerosol Inhalation","200 mcg/Metered Inhalation","44","DC00209"
"239","Calcium Carbonate","Tablet","1250 mg","62","DC00238"
"240","Sulphadimidine","Tablet","500 mg","23","DC00121"
"241","Nystatin","Tablet","5 Lac Unit","20","DC00160"
"242","Nystatin","Tablet","1 Lac Unit","20","DC00160"
"243","Nicotinamide + Pantothenic acid + Pyridoxine Hydrochloride + Riboflavin + Vitamin A + Vitamin B1 + Vitamin C + Vitamin D","Paediatric Drops","10 mg + 5 mg + 1 mg + 1 mg + 5000 IU + 1.6 mg + 50 mg + 1000 IU/ml","78","DC00238"
"244","Irbesartan","Tablet","150 mg","22","DC00221"
"245","Halothane","Solution","187 mg/100 ml","4","DC00162"
"246","Dexamethasone + Tobramycin","Eye Drops","100 mg + 300 mg/100 ml","52","DC00206"
"247","Halazone","Tablet","15 mg","75","DC00160"
"248","Isoniazid","Tablet","100 mg","30","DC00171"
"249","Isoniazid + Thiacetazone","Tablet","500 mg + 150 mg","30",""
"250","Ebastine","Tablet","10 mg","21","DC00209"
"251","Sennosides","Tablet","300 mg","60","DC00001"
"252","Chloramphenicol","Ear Drop","10 mg/ml","50",""
"253","Chloramphenicol","Ear Drop","5 mg/ml","50","DC00160"
"254","Caffeine + Ergotamine Tartrate","Tablet","100 mg + 1 mg","47","DC00212"
"255","Captopril","Tablet","50 mg","22","DC00159"
"256","Dextrose Anhydrous + Potassium Chloride + Sodium Bicarbonate + Sodium Chloride + Vitamin A","Powder","10 gm + 5 gm + 50 gm + 26.6 gm + 200 IU","77","DC00238"
"257","Cloxacillin","Powder For Suspension","125 mg/5 ml","23","DC00146"
"258","Metolazone","Tablet","500 mcg","42","DC00237"
"259","Calcium Gluconate + Dextrose + Magnesium Hypophosphite","Injection","208 mg + 200 mg + 50 mg/ml","77","DC00238"
"260","Eszopiclone","Tablet","1 mg","57","DC00233"
"261","Fenofibrate","Capsule","200 mg","61","DC00224"
"262","Carvedilol","Tablet","25 mg","22","DC00216"
"263","Triamcinolone Acetonide","Ointment","1 mg/gm","71","DC00157"
"264","Lercanidipine Hydrochloride","Tablet","10 mg","22","DC00224"
"265","Metronidazole","IV Infusion","500 mg/100 ml","27","DC00160"
"266","Chlorpromazine Hydrochloride","Injection","50 mg/2 ml","18","DC00149"
"267","Budesonide","Aerosol Inhalation","200 mcg/Metered Inhalation","44","DC00212"
"268","Alendronic Acid","Tablet","70 mg","48","DC00221"
"269","Dexketoprofen","Tablet","25 mg","64","DC00233"
"270","Etoricoxib","Tablet","60 mg","64","DC00229"
"271","Ciprofloxacin","Powder","10 %","77","DC00238"
"272","Vitamin A + Vitamin D3 + Vitamin E","Injection","5 Lac IU + 75000 IU + 50 mg/ml","77","DC00226"
"273","Vitamin A + Vitamin D3 + Vitamin E","Liquid","1 Lac IU + 20000 IU + 20 mg/ml","77","DC00238"
"274","Procaine Benzylpenicillin + Streptomycin","Injection","20 Lac Unit + 2.5 gm/vial","77","DC00238"
"275","Sodium Thiosulfate","Tablet","7.5 mg","17","DC00238"
"276","Clotrimazole + Hydrocortisone","Cream","1 gm + 1 gm/100 gm","71","DC00218"
"277","Fluconazole","Eye Drops","3 mg/ml","52","DC00238"
"278","Sacaharin Sodium","Tablet","12.5 mg","75","DC00112"
"279","Vitamin A + Vitamin D3 + Vitamin E","Liquid","100 Lac IU + 20 Lac IU + 2 gm","77",""
"280","Cobalt Gluconate + Copper Gluconate + Cyanocobalamin + D-Pantothenol + Ferric Ammonium Citrate + Nicotinamide + Pyridoxine Hydrochloride + Riboflavine-5-Phosphate + Vitamin B1","Injection","7 mg + 2 mg + 1.2 mg + 200 mg + 150 mg + 1000 mg + 50 mg + 20 mg + 750 mg/10 ml","77","DC00238"
"281","Theophylline","Tablet","300 mg","44","DC00210"
"282","Amoxicillin + Clavulanic Acid","Powder For Suspension","125 mg + 31.25 mg/5 ml","23","DC00207"
"283","Sodium Chloride","IV Infusion",".9 gm/100 ml","79","DC00191"
"284","Glycine","Irrigation Solution","1.5 gm/100 ml","3","DC00166"
"285","Levosalbutamol","Nebuliser Solution","1.25 mg/3 ml","44","DC00234"
"286","Nefopam Hydrochloride","Tablet","30 mg","6","DC00234"
"287","Cefaclor","Capsule","250 mg","23","DC00208"
"288","Levothyroxine Sodium","Tablet","50 mcg","74","DC00162"
"289","Clindamycin","Powder For Suspension","75 mg/5 ml","23","DC00238"
"290","Tramadol Hydrochloride","Capsule","100 mg","","DC00235"
"291","Amlodipine + Valsartan","Tablet","5 mg + 320 mg","22","DC00238"
"292","Rosiglitazone","Tablet","2 mg","15","DC00231"
"293","Rosiglitazone","Tablet","4 mg","15","DC00231"
"294","Ephedrine Hydrochloride","Tablet","15 mg","1","DC00166"
"295","Amoxicillin","Injection","1 gm","23","DC00218"
"296","Metformin Hydrochloride + Rosiglitazone","Tablet","500 mg + 2 mg","15","DC00231"
"297","Choline + Cobalt + Cyanocobalamin + Ferrous Sulphate + Vitamin B1","Bolus","9.1 mg + 50 mg + 20 mcg + 100 mg + 25 mg","77","DC00238"
"298","Cellulose + Lipase + Pancreatin + Pepsin","Powder","20 mg + 10 mg + 100 mg + 50 mg/gm","77","DC00238"
"299","Etodolac","Capsule","300 mg","64","DC00234"
"300","Docosanol","Cream","10 gm/100 gm","71","DC00224"
"301","Lorazepam","Tablet","1 mg","57","DC00155"
"302","Irbesartan","Tablet","300 mg","22","DC00221"
"303","Vitamin C","Capsule","500 mg","78","DC00226"
"304","Ketotifen","Tablet","1 mg","21","DC00154"
"305","Amoxicillin","Injection","500 mg","23","DC00160"
"306","Chloroquine Phosphate","Tablet","250 mg","24","DC00238"
"307","Ephedrine Hydrochloride","Tablet","30 mg","1","DC00150"
"308","Cyanocobalamin + Folic Acid + Pyridoxine Hydrochloride","Tablet","1 mg + 2.5 mg + 25 mg","",""
"309","Adenine + Citric Acid Anhydrous + Dextrose Anhydrous + Sodium Bi Phosphate + Sodium Citrate","Blood bag",".0275 % + .3 % + 3.19 % + .22 % + 2.63 %","41","DC00212"
"310","Acetic Acid + Calcium Chloride + Magnessium Chloride + Potassium Chloride + Sodium Chloride","Dialysis Solution",".469 % + 1.008 % + .754 % + .554 % + 21.968 %","59","DC00193"
"311","Fluconazole","Capsule","100 mg","20",""
"312","Cyanocobalamin","Injection","1 mg/ml","78","DC00162"
"313","Cefetamet Pivoxil Hydrochloride","Tablet","500 mg","23","DC00193"
"314","Rifampicin","Capsule","300 mg","30","DC00149"
"315","Amitriptyline Hydrochloride","Tablet","25 mg","14","DC00160"
"316","Acarbose","Tablet","50 mg","15","DC00210"
"317","Vincristine Sulphate","Injection","1 mg/vial","10","DC00162"
"318","Choline Bitartrate + Cobalt Sulfate + Cyanocobalamin + Ferrous Sulphate + Thiamine Mononitrate","Tablet","9.1 mg + 50 mg + .02 mg + 100 mg + 25 mg","77","DC00238"
"319","Etonogestrel","Implant","68 mg","39","DC00226"
"320","Chloramphenicol","Eye and Ear Drops","5 mg/ml","52","DC00146"
"321","Dexamethasone","Eye Drops","1 mg/ml","52","DC00160"
"322","Ferrous Fumarate + Folic Acid","Capsule","200 mg + 200 mcg","45","DC00124"
"323","Cilostazol","Tablet","50 mg","36","DC00221"
"324","Ciprofloxacin","IV Infusion","200 mg/100 ml","23","DC00238"
"325","Ciprofloxacin + Dexamethasone","Eye and Ear Drops","300 mg + 100 mg/100 ml","52","DC00226"
"326","Iodine","Mouth Wash","1 gm/100 ml","73",""
"327","Nicotinamide + Pantothenic acid + Pyridoxine Hydrochloride + Riboflavin + Vitamin A + Vitamin B1 + Vitamin C + Vitamin D","Syrup","10 mg + 5 mg + 1 mg + 1 mg + 5000 IU + 1.6 mg + 50 mg + 1000 IU/ml","78",""
"328","Potassium Guaiacol Sulphonate","Syrup","125 mg/5 ml","62","DC00103"
"329","Disposable Syringe","Syringe","3 ml","41","DC00122"
"330","Doxycycline + Tylosin","Sachet","100 mg + 200 mg","77","DC00238"
"331","Ethosuximide","Syrup","5 gm/100 ml","13","DC00238"
"332","Ethosuximide","Capsule","250 mg","13","DC00238"
"333","Azithromycin","Tablet","500 mg","23","DC00238"
"334","Zinc","Syrup","10 mg/5 ml","62","DC00216"
"335","Ceftriaxone","IM Injection","500 mg","23","DC00169"
"336","Metronidazole","Tablet","400 mg","27","DC00146"
"337","Ibuprofen","Tablet","400 mg","64","DC00235"
"338","Amoxicillin","Powder For Suspension","125 mg/5 ml","23","DC00160"
"339","Iodine","Topical Solution","10 gm/100 gm","71","DC00232"
"340","Ceftriaxone","IV/IM Injection","250 mg","23","DC00169"
"341","Ascorbic Acid + Biotin + Boron + Calcium + Chromium + Copper + Cyanocobalamin + Elemental Iron + Folic Acid + Iodine + Lutein + Magnesium + Manganese + Molybdenum + Niacin + Nickel + Pantothenic acid + Phosphorous + Pottassium + Pyridoxine Hydrochloride + Riboflavin + Selenium + Silicon + Tin + Vanadium + Vitamin A + Vitamin B1 + Vitamin D3 + Vitamin E + Vitamin K + Zinc","Tablet","60 mg + 30 mcg + 150 mcg + 162 mg + 120 mcg + 2 mg + 6 mcg + 18 mg + 400 mcg + 150 mcg + 250 mcg + 100 mg + 2 mg + 75 mcg + 20 mg + 5 mcg + 10 mg + 109 mg + 80 mg + 2 mg + 1.7 mg + 20 mcg + 2 mg + 10 mcg + 10 mcg + 5000 IU + 1.5 mg + 400 IU + 30 IU + 25 mcg + 15 mg","78","DC00228"
"342","Pilocarpine Hydrochloride","Eye Drops","2 %","52","DC00160"
"343","Biotin + Cobalt + Copper + Cyanocobalamin + DL-Methionine + Elemental Iron + Folic Acid + Iodine + L-Lysine HCl + Manganese + Nicotinamide + Pantothenic acid + Pyridoxine Hydrochloride + Riboflavin + Selenium + Vitamin A + Vitamin B1 + Vitamin D + Vitamin E + Vitamin K + Zinc","Powder","16 mcg + 100 mcg + 2.4 mg + 4 mcg + 20 mg + 9.6 mg + 200 mcg + 200 mcg + 12 mg + 240 mg + 12 mg + 3.2 mg + 1.6 mg + 2 mg + 48 mcg + 4800 IU + 600 mcg + 960 IU + 9.2 mg + 800 mcg + 16 mg","77","DC00238"
"344","Fusidic Acid","Cream","2 gm/100 gm","71","DC00208"
"345","Carbonyl Iron + Folic Acid","Capsule","50 mg + 500 mcg","45","DC00226"
"346","Colistin Sulphate","Powder","500 Lac IU","77","DC00238"
"347","Mecobalamin","Tablet",".5 mg","78","DC00219"
"348","Nalbuphine Hydrochloride","Injection","20 mg/2 ml","65","DC00238"
"349","Atenolol","Tablet","50 mg","22","DC00137"
"350","Gentian Violet","Powder","100 gm","71","DC00163"
"351","Chlorpheniramine Maleate","Injection","10 mg/ml","77","DC00149"
"352","Pancreatin","Capsule","325 mg","51","DC00117"
"353","Risperidone","Tablet","1 mg","28","DC00226"
"354","Mizolastine","Tablet","10 mg","21","DC00233"
"355","Ciclesonide","Aerosol Inhalation","80 mcg/Metered Inhalation","44","DC00233"
"356","Metronidazole + Neomycin Sulphate + Nystatin + Polymixin B Sulphate","Soft Gelatin Capsule","200 mg + 35000 IU + 1 Lac IU + 35000 IU","49","DC00207"
"357","Povidone Iodine","Scrub","7.5 gm/100 ml","71","DC00203"
"358","Ferrous Fumarate + Folic Acid","Tablet","200 mg + 400 mg","45",""
"359","Sulphanilamide","Powder","100 %","77","DC00149"
"360","Sulphadiazine + Sulphadimidine + Sulphapyridine","Bolus","1.666 gm + 1.666 gm + 1.666 gm","77","DC00131"
"361","Tioconazole","Cream","1 gm/100 gm","71","DC00228"
"362","Cinnarizine","Tablet","15 mg","21","DC00163"
"363","Adrenochrome Monosemicarbazone","Injection","5 mg/ml","1","DC00018"
"364","Methyldopa","Tablet","500 mg","22","DC00150"
"365","Chlorhexidine Gluconate","Gel","1 %","71","DC00189"
"366","Ampicillin Trihydrate","Raw Materials","100 %","34",""
"367","Ephedrine Hydrochloride","Syrup","15 mg/5 ml","1","DC00146"
"368","Menthol + Methyl Salicylate","Cream","8 gm + 30 gm/100 gm","71","DC00231"
"369","Tiotropium","Aerosol Inhalation","9 mcg/Metered Inhalation","44","DC00230"
"370","Nicorandil","Tablet","10 mg","40","DC00225"
"371","Risperidone","Tablet","4 mg","28","DC00226"
"372","Sertraline","Tablet","100 mg","14","DC00220"
"373","Tolterodine Tartrate","Tablet","2 mg","49","DC00221"
"374","Tetracycline Hydrochloride","Ointment","3 gm/100 gm","71","DC00149"
"375","Aripiprazole","Tablet","5 mg","28","DC00231"
"376","Amoxicillin + Clarithromycin + Lansoprazole","Kit","500 mg + 500 mg + 30 mg","23",""
"377","Salicylic Acid + Urea","Ointment","10 gm + 10 gm/100 gm","71",""
"378","Glyceryl Trinitrate","Injection","25 mg/5 ml","40","DC00191"
"379","Sitagliptin","Tablet","25 mg","15","DC00235"
"380","Oxiconazole","Cream","1 gm/100 gm","71","DC00237"
"381","Sodium Chloride","IV Infusion","2.25 gm/250 ml","79","DC00191"
"382","Ipratropium Bromide","Spray","20 mcg/Spray","44","DC00230"
"383","Elemental Iron + Folic Acid + Vitamin C + Zinc","Tablet","100 mg + 350 mcg + 50 mg + 22.5 mg","45","DC00238"
"384","Fluocinolone + Neomycin Sulphate","Cream","25 mg + 500 mg/100 gm","71","DC00238"
"385","Dipyridamole","Tablet","100 mg","26","DC00160"
"386","Calcium Pantothenate + Pyridoxine Hydrochloride + Riboflavin + Vitamin B1","Injection","5 mg + 10 mg + 4 mg + 50 mg/2 ml","62","DC00238"
"387","Gramacidin + Neomycin Sulphate + Nystatin + Triamcinolone Acetonide","Ointment","25 mg + 250 mg + 100 Lac IU + 100 mg/100 gm","71",""
"388","Povidone Iodine","Cream","5 gm/100 gm","71","DC00203"
"389","Ofloxacin","Tablet","200 mg","23","DC00189"
"390","Carbidopa + Levodopa","Tablet","25 mg + 250 mg","25","DC00110"
"391","Streptokinase","Injection","15 Lac IU","12","DC00238"
"392","Ascorbic Acid + Copper + Lutein + Vitamin E + Zinc","Soft Gelatin Capsule","60 mg + 2 mg + 6 mg + 30 mg + 15 mg","78","DC00226"
"393","Adapalene","Cream","1 mg/gm","71","DC00224"
"394","Cyclophosphamide","Injection","200 mg/vial","10","DC00238"
"395","Povidone Iodine","Eye Drops","5 gm/100 ml","52","DC00221"
"396","Pethidine Hydrochloride","Injection","100 mg/2 ml","65","DC00149"
"397","Pethidine Hydrochloride","Injection","50 mg/ml","65","DC00149"
"398","Phenobarbitone","Tablet","30 mg","46","DC00150"
"399","Insulin (Human) N","Injection","100 IU/ml","15","DC00215"
"400","Baclofen","Tablet","25 mg","70","DC00230"
"401","Pregabalin","Capsule","50 mg","46","DC00231"
"402","Sodium Valproate","Tablet","500 mg","46","DC00226"
"403","Heparin Sodium","Injection","5000 IU/ml","12","DC00160"
"404","Metronidazole","Gel","750 mg/100 gm","71","DC00226"
"405","Chloramphenicol","Ear Drop","5 gm/100 gm","50","DC00160"
"406","Ceftriaxone","IV Injection","1 gm/vial","77","DC00238"
"407","Indapamide + Perindopril Erbumine","Tablet","1.25 mg + 4 mg","42","DC00230"
"408","Lisinopril","Tablet","20 mg","22","DC00238"
"409","Valsartan","Capsule","160 mg","22","DC00209"
"410","Fluticasone Propionate + Salmeterol","Aerosol Inhalation","50 mcg + 25 mcg/Metered Inhalation","44","DC00221"
"411","Ferrous Fumarate + Folic Acid","Tablet","200 mg + 200 mcg","45","DC00124"
"412","Clobetasol Propionate","Cream","50 mg/100 gm","71","DC00210"
"413","Tazarotene","Cream","1 mg/gm","71","DC00232"
"414","Dexibuprofen (S Ibuprofen)","Tablet","300 mg","64","DC00232"
"415","Fluormetholone + Neomycin Sulphate","Eye Drops","100 mg + 500 mg/100 ml","52","DC00195"
"416","Venlafaxine","Tablet","25 mg","14","DC00224"
"417","Roxatidine","Tablet","150 mg","55","DC00150"
"418","Roxatidine","Tablet","75 mg","55","DC00193"
"419","Ciprofloxacin","Bolus","1 gm","77","DC00238"
"420","Ampicillin + Colistin Sulphate","Injection","1 gm + 1 MIU/vial","77","DC00238"
"421","Cinnarizine","Capsule","75 mg","21","DC00216"
"422","Permethrin","Cream","1 gm/100 gm","71","DC00216"
"423","Ammonium Bicarbonate + Gentian + Ginger + Nux vomica + Sodium Bicarbonate","Powder","25 gm + 1.5 gm + 1.5 gm + 7 gm + 65 gm/100 gm","77","DC00238"
"424","Valsartan","Tablet","40 mg","22","DC00226"
"425","Clobetasol Propionate + Neomycin Sulphate + Nystatin","Ointment","50 mg + 500 mg + 100 Lac IU/100 gm","71","DC00230"
"426","Iopamidol","Injection","300 mg/ml","41","DC00126"
"427","Dexibuprofen (S Ibuprofen)","Tablet","400 mg","64","DC00232"
"428","Anhydrous Sodium Carbonate + Copper (II) Sulphate + Sodium Bicarbonate + Trisodium Citrate","Solution","130 mg + 16 mg + 10 mg + 150 mg/100 ml","",""
"429","Oxazepam","Tablet","10 mg","57","DC00232"
"430","Amiodarone Hydrochloride","Tablet","200 mg","9","DC00221"
"431","Melatonin","Tablet","3 mg","56","DC00221"
"432","Disopyramide","Capsule","100 mg","9","DC00238"
"433","Carbonyl Iron + Folic Acid + Zinc","Capsule","50 mg + 500 mcg + 22.5 mg","45","DC00226"
"434","Pefloxacin","Solution","10 gm/100 ml","77","DC00238"
"435","Mesalazine","Er Capsule","500 mg","64","DC00239"
"436","Amlodipine + Telmisartan","Tablet","5 mg + 40 mg","22","DC00239"
"437","Fluocinolone + Hydroquinone + Tretinoin","Cream",".01 gm + 4 gm + .05 gm/100 gm","71","DC00239"
"438","Bisoprolol Hemifumarate","Tablet","10 mg","22","DC00238"
"439","Valacyclovir","Tablet","500 mg","32","DC00232"
"440","Cetirizine Dihydrochloride","Paediatric Drops","2.5 mg/ml","21","DC00232"
"441","Zinc Oxide","Ointment","40 gm/100 gm","71","DC00232"
"442","Paroxetine","Tablet","20 mg","14","DC00223"
"443","Gentamicin + Sulphadimidine + Trimethoprim","Injection","3 gm + 12.5 gm + 2.5 gm/100 ml","77","DC00230"
"444","Dexamethasone + Prednisolone","Injection","250 mg + 750 mg/100 ml","77",""
"445","Ropinirole","Tablet",".25 mg","25","DC00232"
"446","Ropinirole","Tablet","2 mg","25","DC00232"
"447","Ceftriaxone","IM Injection","1 gm","23","DC00169"
"448","Nifedipine","Tablet","10 mg","22","DC00160"
"449","Aspirin","Tablet","75 mg","26","DC00190"
"450","Nalidixic Acid","Tablet","500 mg","23","DC00141"
"451","Budesonide + Formoterol Fumarate","Cozycap","100 mcg + 6 mcg","44","DC00238"
"452","Oxygenium","Gas","99.5 ml/100 ml","75",""
"453","Piperacillin + Tazobactam","Injection","4 gm + .5 gm/vial","23","DC00238"
"454","Choline Bitartrate + Cobalt Sulfate + Cyanocobalamin + Ferrous Sulphate + Thiamine Mononitrate (B1)","Bolus","18.2 mg + 100 mg + 40 mcg + 200 mg + 50 mg","77","DC00234"
"455","Mupirocin","Ointment","100 mg/5 gm","71","DC00210"
"456","Diltiazem Hydrochloride","Capsule","90 mg","22","DC00207"
"457","Diltiazem Hydrochloride","Capsule","120 mg","22","DC00207"
"458","Dobutamine","Injection","250 mg/20 ml","1","DC00193"
"459","Isoniazid + Rifampicin","Tablet","100 mg + 150 mg","30","DC00136"
"460","Desloratadine","Syrup","2.5 mg/5 ml","21","DC00226"
"461","Gentamicin","Injection","80 mg/2 ml","23","DC00170"
"462","Gentian Violet","Powder","100 %","71","DC00162"
"463","Benzoyl Peroxide","Gel","5 gm/100 gm","71","DC00241"
"464","Clarithromycin","Paediatric Drops","125 mg/5 ml","23","DC00233"
"465","Diclofenac Sodium","Suppository","12.5 mg","64","DC00210"
"466","Ascorbic Acid + Boron + Calcium + Copper + Magnesium + Manganese + Vitamin D3 + Vitamin E + Zinc","Tablet","60 mg + 250 mcg + 600 mg + 1 mg + 20 mg + 1 mg + 200 IU + 15 IU + 7.5 mg","62","DC00233"
"467","Amoxicillin + Colistin","IV/IM Injection","10 mg + 25 MIU","77","DC00238"
"468","Triclabendazole","Bolus","900 mg","77","DC00114"
"469","Levamisole + Niclosamide","Bolus","75 mg + 1 gm","77","DC00238"
"470","Oxytetracycline","Bolus","1 gm","77","DC00215"
"471","Trimetazidine Dihydrochloride","Tablet","20 mg","40","DC00226"
"472","Ambroxol","Paediatric Drops","6 mg/ml","31","DC00228"
"473","Benzylpenicillin + Procaine Benzylpenicillin","Injection","2 Lac Unit + 6 Lac Unit/vial","77","DC00238"
"474","Levobupivacaine Hydrochloride","Injection","2.5 mg/ml","5","DC00237"
"475","Levetiracetam","Tablet","1000 mg","46","DC00237"
"476","Chlorpheniramine Maleate","Tablet","4 mg","21","DC00142"
"477","Ceftriaxone","Injection","1 gm/vial","77","DC00238"
"478","Ceftriaxone","Injection","2 gm/vial","77","DC00238"
"479","Iron Dextran","Injection","100 mg/ml","45","DC00238"
"480","Imidocarb dipropionate","Injection","9.35 mg/ml","77","DC00238"
"481","Morantel Citrate","Bolus","446 mg","77","DC00238"
"482","Chlorthalidone","Tablet","50 mg","42","DC00101"
"483","Fluticasone Propionate + Salmeterol","Capsule","100 mcg + 50 mcg","44","DC00224"
"484","Cefepime","IV/IM Injection","1 gm/vial","23","DC00226"
"485","Cefuroxime","IV/IM Injection","250 mg/vial","23","DC00206"
"486","Ziprasidone","Capsule","20 mg","28","DC00228"
"487","Oxytetracycline + Polymixin B Sulphate","Eye and Ear Ointment","500 mg + 1 Lac IU/100 gm","52","DC00137"
"488","Ascorbic Acid + Copper + Manganese + Selenium + Vitamin A + Vitamin E + Vitamin K + Zinc","Capsule","200 mg + 1 mg + 3 mg + 70 mcg + 2000 IU + 50 IU + 75 mcg + 15 mg","78","DC00226"
"489","Amiodarone Hydrochloride","Tablet","100 mg","9","DC00221"
"490","Tylosin","Injection","20 gm/100 ml","77","DC00238"
"491","Biotin + Cobalt + Copper + Cyanocobalamin + DL-Methionine + Elemental Iron + Folic Acid + Iodine + L-Lysine HCl + Manganese + Nicotinamide + Pantothenic acid + Pyridoxine Hydrochloride + Riboflavin + Selenium + Vitamin A + Vitamin B1 + Vitamin D3 + Vitamin E + Vitamin K3 + Zinc","Bolus","4 gm + .016 gm + .4 gm + .48 mg + 4 gm + 2.4 gm + .032 gm + .016 gm + 2.4 gm + 2.4 gm + 1.6 gm + .5 gm + .16 gm + .2 gm + 6 mg + 500 IU + .1 gm + 100 IU + .8 gm + .16 gm + 2 gm","77","DC00238"
"492","Ammonium Bicarbonate + Ammonium Strong + Oil Nutmeg + Oil Lemon","Liquid","2.5 gm + 6.75 ml + 0.3 ml + 0.5 ml","",""
"493","Sodium Chloride","Eye Drops",".9 gm/100 ml","52","DC00196"
"494","Cefixime","Tablet","400 mg","23","DC00194"
"495","Bromocriptine","Tablet","2.5 mg","49","DC00160"
"496","Liquid Paraffin + Magnesium Hydroxide Dried Gel, 96% + Magnesium Hydroxide Paste, 34%","Suspension","30 ml + 5 gm + 7.06 gm/120 ml","60","DC00238"
"497","Memantine Hydrochloride","Tablet","5 mg","37","DC00238"
"498","Acitretin","Capsule","25 mg","71","DC00205"
"499","Levamisole","Powder","200 mg/gm","77","DC00189"
"500","Diltiazem Hydrochloride","Injection","10 mg/ml","22","DC00190"
"501","Glyceryl Trinitrate","Tablet","5 mg","40","DC00215"
"502","Tanoxicam","Tablet","20 mg","64","DC00211"
"503","Zaleplone","Capsule","5 mg","57","DC00216"
"504","Glycerol","Suppository","1.15 gm","60","DC00162"
"505","Cefprozil","Capsule","250 mg","23","DC00238"
"506","Ascorbic Acid + Dexpanthanol + Nicotinamide + Pyridoxine Hydrochloride + Riboflavin + Viamin D + Vitamin A + Vitamin B1 + Vitamin E","Syrup","25 mg + 1.25 mg + 5 mg + .35 mg + .4 mg + 140 IU + 666.67 IU + .3 mg + 2 IU/5 ml","78","DC00233"
"507","Dexamethasone Sodium Phosphate","Injection","5 mg/ml","72","DC00162"
"508","Aluminium Hydroxide + Magnesium Hydroxide","Tablet","250 mg + 400 mg","7","DC00160"
"509","Lorazepam","Injection","2 mg/ml","57","DC00232"
"510","Choline Bitartrate + Cobalt Sulfate + Cyanocobalamin + Ferrous Sulphate + Thiamine Hydrochloride","Bolus","9.1 mg + 50 mg + 20 mg + 100 mg + 25 mg","77",""
"511","Elemental Iron + Folic Acid + Nicotinamide + Pyridoxine Hydrochloride + Riboflavin + Thiamine Hydrochloride + Zinc","Capsule","47 mg + 500 mcg + 20 mg + 2 mg + 2 mg + 5 mg + 22.5 mg","45",""
"512","Diphenhydramine Hydrochloride","Tablet","50 mg","21","DC00231"
"513","Vitamin A + Vitamin D3 + Vitamin E","Injection","4.72 gm + 100 mg + 2 gm","77",""
"514","Diclofenac Sodium","Suppository","100 mg","64","DC00207"
"515","Biotin + Choline + Cobalt + Copper + Cyanocobalamin + DL-Methionine + Dexpanthanol + Ferric Ammonium Citrate + Glycine + Inositol + L-Lysine HCl + Nicotinamide + Pyridoxine Hydrochloride + Vitamin B1 + Vitamin B2","Injection","15 IU + 2 mg + 60 mg + 18 mg + 5000 IU + 400 mcg + 15 mcg + 150 mcg + 1 mg + 20 mg + 10 mg + 100 mcg + 1.5 mg + 5 mg + 2 mg/10 ml","77","DC00238"
"516","Choline + Cobalt + Cyanocobalamin + Iron + Vitamin B1","Bolus","9.1 mg + 50 mg + 2 mg + 100 mg + 25 mg","77","DC00238"
"517","Betahistine Mesilate","Tablet","6 mg","21","DC00220"
"518","Trichlorfon","Powder","100 %","77","DC00238"
"519","Mometasone Furoate","Cream","100 mg/100 gm","71","DC00214"
"520","Etomidate","Injection","2 mg/ml","4","DC00220"
"521","Calcium + Vitamin D3","Tablet","500 mg + 400 IU","62","DC00239"
"522","Calcium + Vitamin D3","Tablet","500 mg + 200 IU","62","DC00230"
"523","Sodium Dichloroisocyanurate","Tablet","425 mg","29","DC00230"
"524","Amoxicillin Trihydrate","Raw Materials","100 %","34","DC00001"
"525","Cinchocaine Hydrochloride + Esculin + Hydrocortisone + Neomycin Sulphate","Ointment","500 mg + 1 gm + 500 mg + 1 gm/100 gm","71","DC00238"
"526","Cefaclor","Powder For Suspension","125 mg/5 ml","23","DC00208"
"527","Sulfadiazine + Sulphadimidine + Sulphapyridine","Powder","1.66 gm + 1.66 gm + 1.66 gm","77","DC00238"
"528","Clarithromycin","Powder For Suspension","250 mg/5 ml","23","DC00215"
"529","Lidocaine + Prilocaine","Cream","2.5 gm + 2.5 gm/100 gm","71","DC00235"
"530","Misoprostol","Tablet","100 mcg","49","DC00235"
"531","Misoprostol","Tablet","600 mcg","49","DC00237"
"532","Cefetamet Pivoxil Hydrochloride","Powder For Suspension","250 mg/5 ml","23","DC00193"
"533","Mycophenolate Mofetil","Tablet","500 mg","58","DC00216"
"534","Gemefloxacin","Tablet","320 mg","23","DC00203"
"535","Boron + Calcium + Copper + Magnesium + Manganese + Vitamin D + Zinc","Tablet","250 mcg + 600 mg + 1 mg + 40 mg + 1.8 mg + 200 IU + 7 mg","62","DC00230"
"536","Calcium d-Pantothenate + DL-Methionine + Inositol + Nicotinamide + Vitamin B1 + Vitamin B12 + Vitamin B2 + Vitamin B6","Injection","10 mg + 5 mg + 2 mg + 100 mg + 50 mg + 2 mcg + 5 mg + 5 mg/ml","77","DC00238"
"537","Dextrose Anhydrous + Potassium Chloride + Sodium Bicarbonate + Sodium Chloride + Vitamin A","Powder","18 gm + 5 gm + 50 gm + 26.6 gm + 20 Lac IU","77","DC00238"
"538","Dextrose","IV Infusion","20 gm/100 ml","79","DC00207"
"539","Tinidazole","Tablet","1 gm","27","DC00215"
"540","Ampicillin","Powder For Suspension","125 mg/5 ml","23","DC00146"
"541","Potassium Chloride + Rice Powder (Pregelatineized) + Sodium Chloride + Trisodium Citrate","Oral Saline",".75 gm + 25 gm + 1.3 gm + 1.45 gm/500 ml","79","DC00233"
"542","Captopril","Tablet","12.5 mg","22","DC00238"
"543","Piracetam","Syrup","500 mg/5 ml","75","DC00235"
"544","Boric Acid","Powder","500 mg/100 gm","",""
"545","Paracetamol","Suppository","500 mg","6","DC00228"
"546","Folinic Acid","Injection","100 mg/2 ml","10","DC00188"
"547","Morphine Sulphate","Capsule","10 mg","65","DC00225"
"548","Morphine Sulphate","Capsule","30 mg","65","DC00225"
"549","Morphine Sulphate","Capsule","60 mg","65","DC00225"
"550","Dextrose","IV Infusion","25 gm/100 ml","79","DC00140"
"551","Tinidazole","Tablet","500 mg","27","DC00109"
"552","Pyrantel Pamoate","Raw Materials","100 %","8",""
"553","Oxyphencyclimine Hydrochloride","Tablet","5 mg","11","DC00238"
"554","Sodium Cromoglycate","Nasal Drops","20 mg/ml","50",""
"555","Biotin + Cobalt + Copper + Cyanocobalamin + DL-Methionine + Elemental Iron + Folic Acid + Iodine + L-Lysine HCl + Manganese + Nicotinamide + Pantothenic acid + Pyridoxine Hydrochloride + Riboflavin + Selenium + Vitamin A + Vitamin B1 + Vitamin D3 + Vitamin E + Vitamin K3 + Zinc","Bolus","6 gm + .02 gm + .4 gm + .48 mg + 2 gm + 1.6 gm + .032 gm + .016 gm + 1.2 gm + 2.4 gm + 1.4 gm + .6 gm + .16 gm + .32 gm + 6 mg + 620 IU + .1 gm + 120 IU + 1 gm + .16 gm + 2.4 gm","77","DC00238"
"556","Nebivolol","Tablet","5 mg","22","DC00221"
"557","Vitamin A + Vitamin D3 + Vitamin E","Liquid","20 mg + 20000 IU + 1 Lac IU","77",""
"558","Levamisole + Triclabendazole","Bolus","150 mg + 225 mg","77","DC00238"
"559","Erythromycin + Sulphadiazine + Trimethoprim","Powder","180 mg + 150 mg + 30 mg","77","DC00238"
"560","Erythromycin","Paediatric Drops","125 mg/1.25 ml","23","DC00238"
"561","Amoxicillin","Injection","250 mg","23","DC00109"
"562","Nicotinamide","Tablet","1000 mg","",""
"563","Gramacidin + Neomycin + Polymixin","Eye Drops","2500 IU + 1.7 Lac IU + 5 Lac IU/100 ml","52","DC00238"
"564","Cephradine","Capsule","250 mg","23","DC00178"
"565","Polyethylene Glycol 400 + Propylene Glycol","Eye Drops","400 mg + 300 mg/100 ml","52","DC00229"
"566","Flupenthixol + Melitracen","Tablet","500 mcg + 10 mg","28","DC00238"
"567","Metronidazole","Tablet","200 mg","27","DC00146"
"568","Insulin (Human)  50/50","Injection","40 IU/ml","15","DC00001"
"569","Levamisole","Bolus","600 mg","77","DC00202"
"570","Fentanyl","Injection","100 mcg/2 ml","65","DC00160"
"571","Flurazepam","Capsule","30 mg","57","DC00160"
"572","Betamethasone","Ear Drop","100 mg/100 ml","50","DC00162"
"573","Nicotinamide","Tablet","750 mg","",""
"574","Metamizol","Injection","1 gm/2 ml","6","DC00191"
"575","Isoniazid + Rifampicin","Tablet","60 mg + 30 mg","30",""
"576","Gentamicin","Ear Drop","300 mg/100 ml","50","DC00124"
"577","Cephradine","IV/IM Injection","500 mg/vial","23","DC00167"
"578","Aluminium Oxide + Magnesium Trisilicate","Suspension","200 mg + 250 mg/5 ml","7","DC00149"
"579","Chlorhexidine Gluconate","Gargle & Mouth Wash","200 mg/100 ml","73","DC00126"
"580","Naproxen","Powder For Suspension","125 mg/5 ml","64","DC00191"
"581","Insulin (Human)  50/50","Injection","100 IU/ml","15","DC00215"
"582","Naproxen","Suppository","500 mg","64","DC00230"
"583","Pilocarpine Hydrochloride","Eye Drops","1 %","52","DC00109"
"584","Dexamethasone","Ointment","5 gm/100 gm","",""
"585","Glimepiride","Tablet","3 mg","15","DC00218"
"586","Glimepiride","Tablet","4 mg","15","DC00218"
"587","Glycerine + Liquid Sugar","Syrup",".75 ml + 1.93 ml/5 ml","31","DC00231"
"588","Dextrose","Powder","100 %","79","DC00163"
"589","Losartan Potassium","Tablet","100 mg","22","DC00231"
"590","Lidocaine Hydrochloride","Injection","500 mg/50 ml","5","DC00162"
"591","Fenbendazole","Powder","22.2 gm/100 gm","77","DC00238"
"592","Ivermectin","Solution","1 gm/100 gm","77","DC00238"
"593","Nalidixic Acid","Powder","100 %","77","DC00238"
"594","Norfloxacine","Powder For Suspension","10 mg/ml","77","DC00238"
"595","Diclofenac Sodium","Suppository","50 mg","64","DC00238"
"596","Ceftazidime","IV/IM Injection","250 mg/vial","23","DC00206"
"597","Ceftazidime","IV/IM Injection","500 mg/vial","23","DC00238"
"598","Levobupivacaine Hydrochloride","Injection","7.5 mg/ml","5","DC00237"
"599","Indomethacin","Capsule","75 mg","64","DC00210"
"600","Sodium Valproate","Tablet","200 mg","46","DC00238"
"601","Sodium Valproate","Syrup","200 mg/5 ml","46","DC00238"
"602","Salbutamol","Tablet","2 mg","44","DC00146"
"603","Oxyclozanide + Tetracycline Hydrochloride","Bolus","1.4 gm + 2 gm","77","DC00238"
"604","Paracetamol","Tablet","120 mg","6","DC00231"
"605","Venlafaxine","Tablet","75 mg","14","DC00223"
"606","Fluvastatin","Capsule","40 mg","61","DC00212"
"607","Nitroxynil","Injection","25 gm/100 ml","77","DC00200"
"608","Fexofenadine Hydrochloride","Tablet","60 mg","21","DC00238"
"609","Sodium Hypochlorite","Solution","500 mg/100 ml","29","DC00231"
"610","Disposable Syringe","Syringe","20 ml","41","DC00122"
"611","Levobupivacaine Hydrochloride","Injection","5 mg/ml","5","DC00237"
"612","Zidovudine","Syrup","50 mg/5 ml","32","DC00191"
"613","Buspirone","Tablet","10 mg","57","DC00237"
"614","Buspirone","Tablet","5 mg","57","DC00237"
"615","Calcium Lactate","Tablet","300 mg","62","DC00163"
"616","Calcium Gluconate","Injection","500 mg/5 ml","62","DC00162"
"617","Phenytoin Sodium","Tablet","100 mg","46","DC00160"
"618","Diclofenac","Tablet","75 mg","64","DC00210"
"619","Pethidine","Injection","25 mg/ml","65",""
"620","Ramipril","Capsule","1.25 mg","22","DC00189"
"621","Glyceryl Trinitrate","Spray","400 mcg/Metered Inhalation","40","DC00189"
"622","Glyceryl Trinitrate","Tablet",".5 mg","40","DC00238"
"623","Sodium Lactate","IV Infusion","1.87 %","79","DC00166"
"624","Cetirizine Dihydrochloride","Raw Materials","100 %","34",""
"625","Adrenaline + Lidocaine Hydrochloride","Injection","5 mcg + 20 mg/ml","5","DC00160"
"626","Dextrose + Lidocaine Hydrochloride","Injection","5 % + 50 mg","",""
"627","Paclitaxel","Injection","100 mg/vial","10","DC00238"
"628","Elemental Iron","Injection","50 mg/2.5 ml","45","DC00238"
"629","Calcium + Vitamin D3","Sachet","500 mg + 440 IU","62",""
"630","Palonosetron","Injection",".075 mg/1.5 ml","18","DC00239"
"631","Amprolium + Sulfaquinoxaline Sodium + Vitamin K","Powder","170 gm + 170 gm + 1 gm/KG","77","DC00228"
"632","Diclofenac Diethylamine","Raw Materials","100 %","34",""
"633","Metformin Hydrochloride + Pioglitazone","Tablet","500 mg + 15 mg","15","DC00233"
"634","Metformin Hydrochloride + Pioglitazone","Tablet","850 mg + 15 mg","15","DC00233"
"635","Nifedipine","Capsule","10 mg","22","DC00160"
"636","Nifedipine","Capsule","5 mg","22","DC00191"
"637","Trifluoperazine","Tablet","5 mg","28","DC00172"
"638","Hydrochlorothiazide + Losartan Potassium","Tablet","25 mg + 100 mg","22","DC00231"
"639","Pethidine Hydrochloride","Injection","50 mg","65","DC00149"
"640","Rifampicin","Tablet","150 mg","30","DC00171"
"641","D-Panthenol + Nicotinamide + Pyridoxine Hydrochloride + Riboflavin + Vitamin B1","Injection","5 mg + 100 mg + 10 mg + 4 mg + 50 mg/2 ml","78","DC00114"
"642","Venlafaxine","Capsule","37.5 mg","14","DC00224"
"643","Cetalkonium Chloride + Choline Salicylate","Oral Gel",".01 gm + 8.714 gm/100 gm","73","DC00238"
"644","Rosuvastatin","Tablet","40 mg","61","DC00238"
"645","Ursodeoxycholic Acid","Tablet","300 mg","75","DC00229"
"646","Ceftazidime","IV/IM Injection","1 gm/vial","23","DC00206"
"647","Benzyl Alcohol","Injection","9 mg/ ml","75","DC00238"
"648","Haloperidol","Tablet",".5 mg","28","DC00238"
"649","Xylometazoline Hydrochloride","Nasal Spray","100 mg/100 ml","50","DC00214"
"650","Formoterol Fumarate","Inhalation Capsule","12 mcg","44","DC00221"
"651","Halobetasol Propionate","Ointment","50 mg/100 gm","71","DC00239"
"652","Light Liquid Paraffin + White Soft Paraffin","Lotion","3 gm + 8 gm/100 gm","71","DC00239"
"653","Cinnarizine + Dimenhydrinate","Tablet","20 mg + 40 mg","21","DC00238"
"654","Hyoscine Butyl Bromide","Tablet","10 mg","11","DC00150"
"655","Amlodipine","Tablet","5 mg","22","DC00223"
"656","Nitrofurantoin","Capsule","100 mg","23","DC00238"
"657","Nitrofurantoin","Capsule","50 mg","23","DC00238"
"658","Theophylline","Tablet","200 mg","44","DC00238"
"659","Cytarabine","Injection","100 mg/vial","10","DC00169"
"660","Amprolium + Mendione Sodium Bisulphite (Vitamin-K) + Sulfaquinoxaline Sodium","Powder","10.2 gm + 100 mg + 10.2 gm/100 gm","77","DC00238"
"661","Budesonide + Formoterol Fumarate","Cozycap","100 mcg + 6 mg","44","DC00238"
"662","Budesonide + Formoterol Fumarate","Cozycap","200 mcg + 6 mcg","44","DC00238"
"663","Imidocarb dipropionate","Injection","240 mg/2 ml","77","DC00238"
"664","Toldimfos Sodium","Tablet","2 gm","77","DC00238"
"665","Omeprazole","Pellets","8.5 %/KG","34",""
"666","Chlortetracycline Hydrochloride","Powder","45 gm/100 gm","77","DC00237"
"667","Darifenacin","Pr Tablet","15 mg","49","DC00237"
"668","Cefixime","Powder For Suspension","100 mg/5 ml","23","DC00194"
"669","Calcium Carbonate","Chewable Tablet","1000 mg","62","DC00235"
"670","Calcium Carbonate","Tablet","1000 mg","62","DC00238"
"671","Flumazenil","Injection","500 mcg/5 ml","17","DC00226"
"672","Fluconazole","Capsule","200 mg","20","DC00237"
"673","Sodium Hypochlorite","Solution","5.25 gm/100 ml","34",""
"674","Vitamin A","Soft Gelatin Capsule","1 Lac IU","78","DC00216"
"675","Nitrofurazone","Ointment","2 mg/gm","71","DC00157"
"676","Domperidone","Suppository","15 mg","18","DC00228"
"677","Doxycycline","Capsule","100 mg","23","DC00134"
"678","Tolperisone Hydrochloride","Tablet","50 mg","70","DC00105"
"679","Aspirin","Tablet","300 mg","6","DC00142"
"680","Brinzolamide","Eye Drops","10 mg/gm","52",""
"681","Epalrestat","Tablet","50 mg","15","DC00229"
"682","Prednisolone","Tablet","15 mg","72","DC00234"
"683","Tetracycline Hydrochloride","Capsule","500 mg","23","DC00150"
"684","Procaine Benzylpenicillin + Streptomycin","Injection","4 Lac IU + 500 mg/vial","77","DC00238"
"685","Ketamine","Injection","100 mg/ml","4","DC00189"
"686","Omega-3 Acid Ethyl Esters","Soft Gelatin Capsule","1 gm","61","DC00235"
"687","Morphine Sulphate","Tablet","5 mg","65","DC00242"
"688","Morphine Sulphate","Oral Solution","5 mg/5 ml","65","DC00242"
"689","Morphine Sulphate","Oral Solution","10 mg/5 ml","65","DC00242"
"690","Emtricitabine + Tenofovir Disoproxil Fumarate","Tablet","200 mg + 300 mg","32","DC00242"
"691","Amantadine Hydrochloride","Syrup","50 mg/5ml","25","DC00226"
"692","Tiemonium Methylsulphate","Injection","5 mg/2 ml","11","DC00202"
"693","Sodium Cromoglycate","Eye & Nasal Drops","40 mg/ml","50","DC00209"
"694","Betamethasone + Lidocaine Hydrochloride + Phenylephrine Hydrochloride","Rectal Ointment","50 mg + 2.5 gm + 100 mg/100 gm","71","DC00179"
"695","Sulphacetamide Sodium","Eye Drops","10 gm/100 ml","52","DC00162"
"696","Isoniazid + Rifampicin","Tablet","300 mg + 450 mg","30","DC00191"
"697","Tolnaftate","Cream","1 gm/100 gm","71","DC00238"
"698","Ciprofloxacin","Tablet","1 gm","23",""
"699","Monosemicarbazone Adrenochrome","Tablet","2.5 mg","1","DC00238"
"700","Paracetamol","Raw Materials","100 %","34",""
"701","Cefuroxime","IV/IM Injection","1.5 gm/vial","23","DC00238"
"702","Diclofenac Sodium","Bolus","100 mg","","DC00238"
"703","Oxcarbazepine","Tablet","300 mg","46","DC00215"
"704","Mometasone Furoate","Nasal Spray","50 mcg/Spray","50","DC00218"
"705","Prochlorperazine Mesilate","Injection","12.5 mg/ml","18","DC00162"
"706","Hypromellose","Eye Drops",".5 %","52","DC00160"
"707","Hypromellose","Eye Drops",".3 %","52","DC00193"
"708","Adrenaline","Injection","1 mg/ml","01","DC00160"
"709","Magnesium Sulphate","Injection","2.5 gm/5 ml","62","DC00209"
"710","Salbutamol","Tablet","8 mg","44","DC00191"
"711","Betamethasone","Injection","4 mg/ml","",""
"712","Desogestrel + Ethinylestradiol","Tablet","150 mcg + 30 mcg","39","DC00238"
"713","Cefixime","Raw Materials","100 %","34",""
"714","Oxcarbazepine","Tablet","600 mg","46","DC00215"
"715","Pheniramine Maleate","Injection","45.5 mg/2 ml","21","DC00191"
"716","Doxycycline","Capsule","50 mg","23","DC00215"
"717","Indapamide","Tablet","2.5 mg","42","DC00226"
"718","Disopyramide","Capsule","150 mg","9","DC00223"
"719","Etoricoxib","Tablet","120 mg","64","DC00229"
"720","Midazolam","Tablet","15 mg","57","DC00191"
"721","Calcium Pantothenate","Injection","100 mg/2 ml","62","DC00100"
"722","Dextrose","Sachet","100 %","79","DC00171"
"723","Crotamiton","Cream","10 gm/100 gm","71","DC00201"
"724","Temazepam","Tablet","10 mg","57","DC00229"
"725","Salbutamol","Nebuliser Solution","5 mg/ml","44","DC00206"
"726","Neomycin Sulphate","Eye and Ear Drops","5 mg/ml","52","DC00238"
"727","Econazole Nitrate","Lotion","10 mg/ml","71","DC00120"
"728","Naphazoline Nitrate + Zinc Sulphate","Eye Drops","5 mg + 20 mg/100 ml","52","DC00238"
"729","Ciprofloxacin + Hydrocortisone Acetate","Ear Drop","300 mg + 1 gm/100 ml","52","DC00238"
"730","Sodium Bicarbonate","IV Infusion","7.5 gm/100 ml","79","DC00238"
"731","Amino Acids (Essential)","IV Infusion","5 %","3","DC00114"
"732","Atropine Sulphate","Eye Ointment","1 gm/100 ml","52","DC00155"
"733","Ranitidine Hydrochloride","Raw Materials","100 %","34",""
"734","Primaquine","Tablet","15 mg","24","DC00160"
"735","Quinine Dihydrochloride","Injection","300 mg/5 ml","24","DC00160"
"736","Nortriptyline","Tablet","10 mg","14","DC00238"
"737","Chlorpromazine Hydrochloride","Tablet","100 mg","18","DC00160"
"738","Chlorpromazine Hydrochloride","Tablet","25 mg","18","DC00150"
"739","Aluminium Oxide + Magnesium Hydroxide","Suspension","200 mg + 125 mg/5 ml","7","DC00149"
"740","Pregabalin","Capsule","150 mg","46","DC00231"
"741","Hydroquinone","Cream","40 mg/gm","71","DC00214"
"742","Vitamin E","Tablet","400 mg","78","DC00224"
"743","Rabeprazole Sodium","Tablet","10 mg","67","DC00220"
"744","Quetiapine","Tablet","25 mg","28","DC00229"
"745","Follitropin Alfa","Injection","450 IU/vial","49","DC00228"
"746","Sodium Chloride","IV Infusion","4.505 gm/500 ml","79","DC00191"
"747","Levetiracetam","Suspension","100 mg/ml","46","DC00233"
"748","Heparin Sodium","Injection","25000 IU/5 ml","12","DC00160"
"749","Ketoprofen","Gel","25 mg/gm","64","DC00191"
"750","Spiramycine","Tablet","1.5 MIU","23","DC00211"
"751","Iron Hydroxide Polymaltose","Syrup","50 mg/5 ml","45","DC00223"
"752","Sucralfate","Tablet","1 gm","7","DC00219"
"753","Pregabalin","Capsule","300 mg","46","DC00231"
"754","Epoetin Alfa","Injection","10000 IU/ml","","DC00207"
"755","Glyceryl Trinitrate","Tablet","6.4 mg","40","DC00238"
"756","Promethazine Hydrochloride","Bolus","150 mg","77","DC00238"
"757","Quetiapine","Tablet","100 mg","28","DC00229"
"758","Tetracycline Hydrochloride","Ointment","1 gm/100 gm","71","DC00160"
"759","Rifampicin","Tablet","450 mg","30","DC00153"
"760","Hydrocortisone Acetate + Neomycin Sulphate","Ointment","500 mg + 500 mg/100 gm","71","DC00162"
"761","Isotretinoin","Gel",".05 gm/100 gm","71","DC00238"
"762","Spironolactone","Capsule","50 mg","42","DC00238"
"763","Iohexol","Injection","647 mg/ml","41","DC00238"
"764","Doxycycline + Neomycin Sulphate","Powder","150 mg + 150 mg/gm","77","DC00232"
"765","Mirtazapine","Tablet","30 mg","14","DC00231"
"766","Barium Sulphate","Powder","150 gm","41","DC00146"
"767","Ezetimibe","Tablet","10 mg","61","DC00226"
"768","Flucloxacillin Sodium","Raw Materials","100 %","34",""
"769","Atropine Sulphate","Injection",".6 mg/ml","11","DC00149"
"770","Vitamin A","Soft Gelatin Capsule","2 Lac IU","78","DC00162"
"771","Ketoconazole","Shampoo","20 mg/ml","71","DC00238"
"772","Oxyclozanide","Bolus","1 gm","77","DC00215"
"773","Duloxetine","Capsule","60 mg","14","DC00233"
"774","Amoxicillin","Powder","20 %","77","DC00238"
"775","Vitamin C","Sachet","250 mg","78","DC00230"
"776","Tetracycline Hydrochloride","Capsule","250 mg","23","DC00142"
"777","Cephradine","Powder For Suspension","125 mg/5 ml","23","DC00178"
"778","Domperidone","Suspension","5 mg/5 ml","18","DC00214"
"779","Ursodeoxycholic Acid","Suspension","250 mg/5 ml","75","DC00229"
"780","Metoprolol Tartrate","Tablet","100 mg","22","DC00230"
"781","Streptomycin","Injection","1 gm/vial","23","DC00160"
"782","Nifedipine","Capsule","20 mg","22","DC00160"
"783","Chloramphenicol + Lidocaine Hydrochloride","Ear Drop","500 mg + 100 mg/100 ml","50","DC00238"
"784","Vitamin E","Soft Gelatin Capsule","200 mg","78","DC00189"
"785","Tulobuterol Hydrochloride","Tablet","2 mg","44","DC00211"
"786","Methyldopa","Capsule","250 mg","22","DC00160"
"787","Doxycycline + Trimethoprim","Powder","100 mg + 100 mg/gm","77","DC00238"
"788","Aspirin","Tablet","100 mg","26","DC00194"
"789","Betacarotene + Vitamin C + Vitamin E","Soft Gelatin Capsule","6 mg + 200 mg + 50 mg","78","DC00210"
"790","Beta Carotene + Copper + Manganese + Selenium + Vitamin C + Vitamin E + Vitamin K + Zinc","Capsule","6 mg + 1 mg + 3 mg + 70 mcg + 200 mg + 50 mg + 75 mcg + 15 mg","78","DC00226"
"791","Dextrose + Sodium Chloride","IV Infusion","5 gm + 225 mg/100 ml","79","DC00166"
"792","Ivabradine","Tablet","7.5 mg","40","DC00238"
"793","Amoxicillin","Injection","2 gm/vial","77","DC00238"
"794","Methylphenidate Hydrochloride","Capsule","20 mg","14","DC00226"
"795","Bromhexine","Tablet","2.5 mg/5 ml","","DC00160"
"796","Salbutamol","Inhaler","100 mcg/Spray","44","DC00158"
"797","Rivastigmine","Capsule","4.5 mg","37","DC00218"
"798","Methylphenidate Hydrochloride","Capsule","30 mg","14","DC00226"
"799","Glipizide","Tablet","5 mg","15","DC00229"
"800","Fluorometholone","Eye Drops",".1 %","52","DC00223"
"801","Digoxin","Tablet","250 mcg","35","DC00137"
"802","Cilostazol","Tablet","100 mg","36","DC00221"
"803","Eperisone Hydrochloride","Tablet","50 mg","70","DC00219"
"804","Riboflavin","Bolus","20 mg","77","DC00238"
"805","Riboflavin + Vitamin B1","Bolus","80 mg + 200 mg","78","DC00238"
"806","Dextrose Anhydrous + Potassium Chloride + Sodium Chloride + Trisodium Citrate","Oral Saline","6.75 gm + 750 mg + 1.3 gm + 1.45 gm/500 ml","79","DC00226"
"807","Somatropin","Injection","8.8 mg/vial","56","DC00228"
"808","Mycophenolate Acid","Tablet","360 mcg","10","DC00228"
"809","Paracetamol","Orodispersible Tablet","500 mg","6","DC00233"
"810","Bisoprolol Hemifumarate + Hydrochlorothiazide","Tablet","5 mg + 6.25 mg","22","DC00240"
"811","Bisoprolol Hemifumarate + Hydrochlorothiazide","Tablet","10 mg + 6.25 mg","22","DC00240"
"812","Alprazolam","Xr Tablet","2 mg","57","DC00238"
"813","Filgrastin","Injection","30 MIU/ml","45","DC00207"
"814","Sucralfate","Tablet","500 mg","7","DC00163"
"815","Paracetamol","Bolus","2 gm","77","DC00215"
"816","Mebeverine Hydrochloride","Tablet","135 mg","11","DC00203"
"817","Pyrimethamine","Tablet","25 mg","24","DC00238"
"818","Salmeterol","Aerosol Inhalation","25 mcg/Metered Inhalation","44","DC00208"
"819","Fluticasone Propionate + Salmeterol","Aerosol Inhalation","125 mcg + 25 mcg/Metered Inhalation","44","DC00221"
"820","Fluticasone Propionate + Salmeterol","Aerosol Inhalation","250 mcg + 25 mcg/Metered Inhalation","44","DC00221"
"821","Linezolid","Tablet","400 mg","23","DC00224"
"822","Norfloxacine","Injection","100 mg","77","DC00238"
"823","Trihexyphenidyl Hydrochloride","Solution","100 mg/100 ml","25","DC00233"
"824","Oxcarbazepine","Tablet","150 mg","46","DC00238"
"825","Finasteride","Tablet","1 mg","56","DC00214"
"826","Lidocaine Hydrochloride","Spray","10 gm/100 gm","5","DC00208"
"827","Metoclopramide Hydrochloride","Suppository","10 mg","18","DC00210"
"828","Dexibuprofen (S Ibuprofen)","Suspension","100 mg/5 ml","64","DC00234"
"829","Lidocaine Hydrochloride + Tolperisone Hydrochloride","Injection","2.5 mg + 100 mg","70","DC00238"
"830","Ciprofloxacin","Capsule","250 mg","23","DC00228"
"831","Fluorescein Sodium","Eye Drops","100 mg/5 ml","52","DC00162"
"832","Clotrimazole","Eye Drops","10 mg/ml","52","DC00206"
"833","Clotrimazole","Eye Ointment","10 mg/gm","52","DC00206"
"834","Dextrose Anhydrous + Fructose + Potassium Chloride + Sodium Bicarbonate + Sodium Chloride + Sucrose","Oral Saline","4.09 gm + 70 mg + 380 mg + 420 mg + 440 mg + 8.07 gm/250 ml","79","DC00223"
"835","Flunarizine","Capsule","10 mg","47","DC00224"
"836","Itraconazole","Capsule","100 mg","20","DC00215"
"837","Naltrexone","Tablet","50 mg","17","DC00228"
"838","Dextrose","IV Infusion","5 gm/100 ml","79","DC00123"
"839","Dibromopropamidine Isethionate","Cream","150 mg/100 gm","71","DC00238"
"840","Sodium Cromoglycate","Aerosol Inhalation","2 mg/Metered Inhalation","44","DC00209"
"841","Amoxicillin","Powder","30 %","77","DC00232"
"842","Pantoprazole","Injection","40 mg/vial","67","DC00231"
"843","Abacavir + Lamivudine + Zidovudine","Tablet","300 mg + 150 mg + 300 mg","32","DC00233"
"844","Vitamin C + Vitamin E","Tablet","250 mg + 200 mg","78","DC00238"
"845","Vitamin C","Injection","500 mg/5 ml","78","DC00137"
"846","Spectinomycin","Injection","2 gm","23","DC00160"
"847","Vancomycin","Injection","1 gm","23","DC00238"
"848","Verapamil Hydrochloride","Tablet","180 mg","22","DC00223"
"849","Dextrose Anhydrous + Potassium Chloride + Sodium Chloride + Trisodium Citrate","Oral Saline","10 gm + 750 gm + 1.75 gm + 1.45 gm/500 ml","79","DC00171"
"850","Sodium Bicarbonate","Injection","7.5 mg/100 ml","79",""
"851","Fluphenazine Hydrochloride + Nortriptyline","Tablet",".5 mg + 10 mg","28",""
"852","Dexamethasone + Tobramycin","Ointment","100 mg + 300 mg/100 gm","52",""
"853","Flucloxacillin","Capsule","250 mg","23","DC00126"
"854","Omeprazole","Injection","40 mg/vial","67","DC00231"
"855","Methionine + Paracetamol","Tablet","100 mg + 500 mg","6","DC00240"
"856","Hydrochlorothiazide + Irbesartan","Tablet","12.5 mg + 150 mg","22","DC00229"
"857","Vitamin A + Vitamin D3 + Vitamin E","Liquid","70000 IU + 8000 IU + 10 IU/100 ml","78",""
"858","Oxytetracycline","Injection","20 gm/100 ml","77","DC00235"
"859","Secnidazole","Suspension","500 mg/10 ml","27","DC00207"
"860","Theophylline","Tablet","150 mg","44","DC00238"
"861","Betamethasone Sodium Phosphate + Neomycin Sulphate","Eye & Nasal Drops","100 mg + 500 mg/100 ml","50",""
"862","Ampicillin","Capsule","500 mg","23","DC00146"
"863","Sulphachloropyridazine Sodium + Trimethoprim + Vitamin K","Powder","100 mg + 20 mg + .8 mg/gm","77","DC00238"
"864","Nifedipine","Soft Gelatin Capsule","10 mg","22","DC00119"
"865","Naproxen","Gel","10 gm/100 gm","64","DC00191"
"866","Levamisole","Bolus","250 ml","77",""
"867","Benzoyl Peroxide + Erythromycin","Cream","50 mg + 30 mg/gm","71","DC00215"
"868","Benzyl Benzoate","Lotion","1.25 gm/5 ml","71","DC00142"
"869","Potassium Chloride","Injection","1.5 gm/10 ml","62","DC00159"
"870","Betaxolol","Eye Drops","500 mg/100 ml","52","DC00238"
"871","Permethrin","Cream","5 gm/100 gm","71","DC00194"
"872","Ketotifen","Eye Drops",".025 %","52","DC00229"
"873","Isoniazid + Thiacetazone","Tablet","100 mg + 50 mg","30","DC00193"
"874","Lactulose","Oral Solution","68 %","60","DC00162"
"875","Secnidazole","Suspension","750 mg/10 ml","27","DC00207"
"876","Oxytetracycline","Powder","20 %","77","DC00208"
"877","Zolpidem Tartrate","Tablet","5 mg","57","DC00226"
"878","Salbutamol","Capsule","8 mg","44","DC00238"
"879","Methyl Prednisolone Sodium Succinate","Injection","500 mg/vial","72","DC00111"
"880","Cyclobenzaprine Hydrochloride","Tablet","10 mg","14","DC00226"
"881","Ketotifen","Syrup","1 mg/5 ml","21","DC00189"
"882","Gabapentin","Tablet","600 mg","46","DC00223"
"883","Verapamil Hydrochloride","Tablet","240 mg","22","DC00201"
"884","Choline Bitartrate + Cobalt Sulfate + Cyanocobalamin + Ferrous Sulphate + Thiamine Mononitrate (B1)","Bolus","9.1 mg + 50 mg + 20 mg + 100 mg + 25 mg","77","DC00238"
"885","Travoprost","Eye Drops","4 mg/100 ml","52","DC00225"
"886","Bambuterol Hydrochloride","Tablet","10 mg","44","DC00221"
"887","Bambuterol Hydrochloride","Syrup","5 mg/5 ml","44","DC00226"
"888","Cefadroxil","Capsule","500 mg","23","DC00220"
"889","Cefpodoxime","Tablet","100 mg","23","DC00224"
"890","Nystatin","Ointment","1 Lac Unit/gm","71","DC00160"
"891","Haloperidol","Capsule","1.5 mg","28","DC00238"
"892","Haloperidol","Capsule","5 mg","28","DC00238"
"893","Kanamycin + Rofaxanide","Powder","100000 IU + 200 mg/10 gm","77","DC00226"
"894","Oxytetracycline","Injection","200 mg/ml","77","DC00226"
"895","Ketoprofen","Pellets","700 gm","",""
"896","Ketoprofen","Pellets","700 gm/KG","34",""
"897","Cefotaxime","IV/IM Injection","1 gm/vial","23","DC00142"
"898","Ferrous Sulphate + Folic Acid","Tablet","200 mg + 200 mg","",""
"899","Clozapine","Tablet","25 mg","14","DC00209"
"900","Pizotifen","Tablet","1.5 mg","47","DC00215"
"901","Sulphamethoxazole + Trimethoprim","Bolus","1000 mg + 200 mg","77","DC00238"
"902","Bupivacaine","Injection","2.5 mg/5ml","5","DC00215"
"903","Tioconazole","Suppository","330 mg","20","DC00228"
"904","Cephradine","IV/IM Injection","1 gm/vial","23","DC00114"
"905","Frusemide","Injection","20 mg/2 ml","42","DC00160"
"906","Repaglinide","Tablet","2 mg","15","DC00215"
"907","Cinnarizine","Tablet","25 mg","21","DC00221"
"908","Domperidone","Suppository","30 mg","18","DC00220"
"909","Nalidixic Acid","Powder For Suspension","300 mg/5 ml","23","DC00152"
"910","Ondansetron","Tablet","8 mg","18","DC00232"
"911","Pantoprazole","Tablet","40 mg","67","DC00220"
"912","Hydrochlorothiazide + Losartan Potassium","Tablet","12.5 mg + 25 mg","22","DC00228"
"913","Pheniramine Maleate","Tablet","22.7 mg","21",""
"914","Glibenclamide","Tablet","5 mg","15","DC00146"
"915","Biotin + Calcium + Cholecalciferol (Vit. D3) + Chromium + Copper + Cyanocobalamin + Diabasic Calcium Phosphate + Folic Acid + Iodine + Iron + Magnesium + Manganese + Molybdenum + Niacin + Pantothenic acid + Pyridoxine Hydrochloride + Riboflavin + Thiamine Nitrate + Vitamin A + Vitamin A Acetate + Vitamin C + Vitamin E + Vitamin K + Zinc","Chewable Tablet","45 mcg + 43.31 mg + 400 IU + 20 mcg + 2 mg + 6 mcg + 220 mg + 400 mcg + 150 mcg + 18 mg + 40 mg + 1 mg + 20 mcg + 20 mg + 10 mg + 2 mg + 1.7 mg + 1.5 mg + 1015 IU + 2485 IU + 60 mg + 60 mg + 10 mcg + 15 mg","78","DC00238"
"916","Ganciclovir","Eye Gel","150 mg/100 gm","52","DC00239"
"917","Phenytoin","Suspension","30 mg/5 ml","46","DC00238"
"918","Frusemide","Tablet","40 mg","42","DC00150"
"919","Methyldopa","Tablet","250 mg","22","DC00150"
"920","Ergometrine Maleate","Injection","200 mcg/ml","49","DC00146"
"921","Dextran 70 + Hypromellose","Eye Drops","200 mg + 200 mg/100 ml","52",""
"922","Amoxicillin","Powder For Suspension","250 mg/5 ml","23","DC00155"
"923","Morantel","Powder","100 %","77","DC00238"
"924","Sodium Thiosulfate","Tablet","15 mg","17","DC00238"
"925","Sodium Acid Citrate","Blood bag",".","41","DC00228"
"926","Promethazine Hydrochloride","Tablet","25 mg","21","DC00160"
"927","Cefuroxime","Tablet","250 mg","23","DC00238"
"928","Cefuroxime","Tablet","125 mg","23","DC00238"
"929","Isosorbide Dinitrate","Capsule","20 mg","40","DC00189"
"930","Ofloxacin","Tablet","100 mg","23","DC00189"
"931","Nitroglycerin","Ointment",".4 gm/100 gm","71","DC00149"
"932","Ipratropium Bromide + Salbutamol","Nebuliser Solution","500 mcg + 2.5 mg/2.5 ml","44","DC00237"
"933","Gonadorelin","Injection","100 mcg/ml","77","DC00195"
"934","Norfloxacine","Solution","300 mg/ml","77","DC00223"
"935","Ketotifen","Capsule","1 mg","21","DC00238"
"936","Ketoprofen","Injection","100 mg/1 ml","77","DC00207"
"937","Tropicamide","Eye Drops","1 gm/100 ml","52","DC00101"
"938","Prednisolone","Eye Drops","1 gm/100 ml","72","DC00220"
"939","Activated Charcoal","Tablet","300 mg","17","DC00238"
"940","Lorazepam","Tablet","2.5 mg","57","DC00238"
"941","Salsalate","Tablet","500 mg","64","DC00235"
"942","Salsalate","Tablet","750 mg","64","DC00235"
"943","Ciclesonide","Aerosol Inhalation","160 mcg/Metered Inhalation","44","DC00233"
"944","Oseltamivir","Powder For Suspension","60 mg/5 ml","32","DC00233"
"945","Zolendronic Acid","Solution For Infusion","5 mg/100 ml","48","DC00233"
"946","Solifenacin Succinate","Tablet","5 mg","11","DC00234"
"947","Solifenacin Succinate","Tablet","10 mg","11","DC00234"
"948","Cefetamet Pivoxil Hydrochloride","Syrup","250 mg/5 ml","23","DC00193"
"949","Prednisolone","Tablet","10 mg","72","DC00234"
"950","Colistin Sulphate + Spiramycine","Powder","5 Lac IU + 6.5 Lac IU","77","DC00189"
"951","Vitamin A + Vitamin D3 + Vitamin E","Injection","500000 IU + 75000 IU + 50 mg/100 ml","77",""
"952","Aminophylline","Tablet","100 mg","44","DC00150"
"953","Amantadine Hydrochloride","Capsule","100 mg","25","DC00226"
"954","Donepezil Hydrochloride","Tablet","10 mg","28","DC00221"
"955","Amoxicillin + Clavulanic Acid","Tablet","250 mg + 62.5 mg","23","DC00238"
"956","Amoxicillin + Clavulanic Acid","Powder For Suspension","400 mg + 57.5 mg/5 ml","23","DC00221"
"957","Gadodiamide","Injection","287 mg","41","DC00223"
"958","Hydrochlorothiazide + Telmisartan","Tablet","12.5 mg + 80 mg","22","DC00233"
"959","Ciprofloxacin","Powder For Suspension","125 mg/5 ml","23","DC00233"
"960","Midazolam","Injection","15 mg/3 ml","57","DC00238"
"961","Cefaclor","Paediatric Drops","125 mg","",""
"962","Toldimfos Sodium","Solution","200 mg/ml","77","DC00193"
"963","Cefixime","Capsule","100 mg","23","DC00194"
"964","Verapamil Hydrochloride","Injection","2.5 mg/2 ml","22","DC00189"
"965","Aminophylline","Injection","125 mg/5ml","44","DC00160"
"966","Cefuroxime","IV/IM Injection","750 mg/vial","23","DC00238"
"967","Azithromycin","Capsule","500 mg","23","DC00210"
"968","Dextrose","IV Infusion","30 gm/100 ml","79","DC00207"
"969","Ketorolac Tromethamine","Tablet","30 mg","64",""
"970","Pyridoxine Hydrochloride","Injection","100 mg/ml","78",""
"971","Homatropine Hydrobromide","Eye Drops","1 gm/100 ml","52",""
"972","Haloperidol","Tablet","5 mg","28","DC00160"
"973","Artemether + Lumefantrine","Tablet","20 mg + 120 mg","24","DC00216"
"974","Azithromycin","Pellets","400 gm/KG","34",""
"975","Erythromycin","Pellets","400 gm/KG","34",""
"976","Cefpodoxime","Powder For Suspension","40 mg/5 ml","23","DC00221"
"977","Vitamin A","Capsule","1 Lac IU","78","DC00169"
"978","Ampicillin","Tablet","250 mg","23","DC00198"
"979","Tiemonium Methylsulphate","Injection","2.5 mg/ml","11","DC00202"
"980","Bumetanide","Tablet","1 mg","42","DC00237"
"981","Mannitol","IV Infusion","10 gm/100 ml","42","DC00105"
"982","Pyrazinamide","Tablet","500 mg","30","DC00150"
"983","Clotrimazole","Vaginal Tablet","200 mg","20","DC00212"
"984","Closantel + Levamisole","Injection","75 mg + 100 mg/100 ml","77","DC00230"
"985","Iron Hydroxide Polymaltose","Paediatric Drops","50 mg/ml","45","DC00224"
"986","Crotamiton + Permethrin","Lotion","10 gm + 5 gm/100 ml","71","DC00230"
"987","Chloroquine Phosphate","Syrup","125 mg/5 ml","24","DC00238"
"988","Empty Hard Gelatin Capsule","Raw Materials","0 Size","34",""
"989","Sertraline","Tablet","25 mg","14","DC00219"
"990","Econazole Nitrate + Triamcinolone Acetonide","Cream","1 gm + 100 mg/100 gm","71","DC00118"
"991","Carbocisteine","Capsule","375 mg","31","DC00223"
"992","Ampicillin Trihydrate + Colistin Sulphate + Dexamethasone","Injection","100 mg + 2.5 Lac IU + 500 mcg/ml","77","DC00238"
"993","Methotrexate","Injection","2 mg/ml","10","DC00238"
"994","Fluorouracil","Injection","250 mg/10 ml","10","DC00111"
"995","Clomiphene Citrate","Tablet","25 mg","53","DC00234"
"996","Cefixime","Powder For Suspension","200 mg/5 ml","23","DC00238"
"997","Budesonide","Inhalation Capsule","200 mcg/Metered Inhalation","44","DC00221"
"998","Sibutramine Hydrochloride","Tablet","5 mg","14","DC00220"
"999","Amoxicillin","Powder","15 %","77","DC00238"
"1000","Ciprofloxacin","Bolus","750 mg","77","DC00238"
"1001","Ciprofloxacin Hydrochloride","Raw Materials","100 %","34","DC00001"
"1002","Betamethasone","Eye Drops","100 mg/100 ml","52","DC00162"
"1003","Betamethasone Sodium Phosphate + Neomycin Sulphate","Eye Drops","100 mg + 350 mg/100 ml","52","DC00238"
"1004","Loratadine","Raw Materials","100%","34",""
"1005","Cefuroxime","Powder For Suspension","250 mg/5 ml","23","DC00232"
"1006","Ketoprofen","Pellets","500 gm/ KG","34",""
"1007","Rifampicin","Capsule","150 mg","30","DC00124"
"1008","Rifampicin","Capsule","450 mg","30","DC00164"
"1009","Oxyphenonium Bromide","Tablet","5 mg","11","DC00118"
"1010","Baclofen","Tablet","5 mg","70","DC00231"
"1011","Sucralose","Tablet","8 mg","75","DC00235"
"1012","Sulphadiazine + Trimethoprim","Injection","400 mg + 84.4 mg/ml","77","DC00238"
"1013","Latanoprost","Eye Drops","5 mg/100 ml","52","DC00238"
"1014","Metronidazole","Raw Materials","100 %","34",""
"1015","Metronidazole","Vaginal Gel","750 mg/100 gm","27","DC00235"
"1016","Phenoxymethyl Penicillin","Powder For Suspension","250 mg/5 ml","23","DC00230"
"1017","Dexamethasone + Neomycin + Polymixin","Eye Ointment","100 mg + 350 mg + 6000 IU/100 gm","52","DC00162"
"1018","Cyclobenzaprine Hydrochloride","Tablet","5 mg","14","DC00233"
"1019","Lacidipine","Tablet","4 mg","22","DC00209"
"1020","Hypromellose","Eye Drops","20 mg/ml","52","DC00171"
"1021","Moxifloxacin","Tablet","400 mg","23","DC00224"
"1022","Bambuterol Hydrochloride","Tablet","20 mg","44","DC00221"
"1023","Amlodipine","Tablet","10 mg","22","DC00223"
"1024","Cefpirome","Injection","2 gm/vial","23","DC00231"
"1025","Clobetasol Propionate + Neomycin Sulphate + Nystatin","Cream","50 mg + 500 mg + 100 Lac IU/100 gm","71","DC00230"
"1026","Flurbiprofen","Tablet","50 mg","64","DC00234"
"1027","Hydroxyzine Hydrochloride","Tablet","10 mg","21","DC00216"
"1028","Dicycloverine Hydrochloride","Tablet","20 mg","11","DC00233"
"1029","Oxytetracycline","Capsule","500 mg","77","DC00121"
"1030","Trimipramine","Tablet","25 mg","14","DC00238"
"1031","Gabapentin","Tablet","300 mg","46","DC00223"
"1032","Iron Hydroxide Polymaltose","Syrup","200 mg/5 ml","45","DC00223"
"1033","Benzyl Penicillin","Injection","40 Lac Unit","77","DC00238"
"1034","Gentamicin","Injection","20 mg/2 ml","23","DC00160"
"1035","Maprotiline Hydrochloride","Tablet","25 mg","14","DC00162"
"1036","Ceftriaxone","IV/IM Injection","500 mg","23","DC00169"
"1037","Mirtazapine","Tablet","45 mg","14",""
"1038","Inositol","Tablet","500 mg","75","DC00230"
"1039","Lorazepam","Injection","4 mg/ml","57","DC00233"
"1040","Pyrimethamine + Sulfaquinoxaline Sodium","Oral Solution","15 gm + 50 gm/100 ml","77","DC00232"
"1041","Potassium Chloride + Rice Powder (Pregelatineized) + Sodium Chloride + Trisodium Citrate","Oral Saline",".75 gm + 25 gm + 1.3 gm + 1.45 gm","79","DC00233"
"1042","Dopamine Hydrochloride","Injection","200 mg/5 ml","1","DC00238"
"1043","Insulin (Human) 30/70","Injection","100 IU/ml","15","DC00215"
"1044","Mebeverine Hydrochloride","Capsule","200 mg","11",""
"1045","Duloxetine","Capsule","30 mg","14","DC00233"
"1046","Bismuth Subcitrate","Tablet","120 mg","7","DC00196"
"1047","Lynestrenol","Tablet","5 mg","56","DC00190"
"1048","Lidocaine Hydrochloride","Injection","35 mg/3.5 ml","5","DC00162"
"1049","Ceftriaxone","IV/IM Injection","750 mg","23","DC00238"
"1050","Phenylephrine + Tetryzoline Hydrochloride + Zinc Sulphate","Eye Drops","120 mg + 40 mg + 100 mg/100 ml","52","DC00238"
"1051","Cyclosporine","Syrup","500 mg/5 ml","58","DC00232"
"1052","Cholecalciferol (Vit. D3)","Injection","5 mg/ml","78","DC00203"
"1053","Alfuzosin","Tablet","10 mg","49","DC00233"
"1054","Ketoprofen","Pellets","700 mg/ KG","",""
"1055","Potassium Chloride + Rice Powder (Pregelatineized) + Sodium Chloride + Sodium Citrate","Oral Saline",".75 mg + 25 gm + 1.3 mg + 1.45 gm","79","DC00233"
"1056","Alendronic Acid + Vitamin D3","Tablet","70 mg + 2800 IU","48","DC00233"
"1057","Piracetam","Injection","200 mg/ml","75","DC00215"
"1058","Magnesium Hydroxide Dried Gel, 96%","Suspension","31.25 gm/500 ml","77","DC00238"
"1059","Copper Sulphate","Powder","100 gm/100 gm","77","DC00238"
"1060","Peginterferon Alfa-2a","Injection","180 mcg/vial","58","DC00223"
"1061","Insulin (Human) R","Injection","40 IU/ml","15","DC00194"
"1062","Pralidoxime Chloride","Injection","1 gm/vial","17","DC00240"
"1063","Sildenafil","Tablet","25 mg","43","DC00241"
"1064","Sildenafil","Tablet","20 mg","43","DC00241"
"1065","Calcium Chloride + Glacial Acetic Acid + Magnessium Chloride + Potassium Chloride + Sodium Chloride","Dialysis Solution","9.73 gm + 8.8 gm + 3.74 gm + 5.5 gm + 161.43 gm/1000 ml","","DC00230"
"1066","Cinacalcet","Tablet","30 mg","62","DC00237"
"1067","Mefenamic Acid","Suspension","50 mg/5 ml","64","DC00238"
"1068","Tulobuterol Hydrochloride","Syrup","1 mg/5 ml","44","DC00214"
"1069","Ibuprofen","Capsule","300 mg","64","DC00150"
"1070","Nicotinamide + Pyridoxine Hydrochloride + Riboflavin + Vitamin B1","Syrup","20 mg + 2 mg + 2 mg + 5 mg/5 ml","78","DC00202"
"1071","Ciprofloxacin","Tablet","500 mg","23","DC00208"
"1072","Thiamine Hydrochloride","Tablet","100 mg","78","DC00163"
"1073","Fluticasone Propionate + Salmeterol","Aerosol Inhalation","125 mcg + 50 mcg/Metered Inhalation","44",""
"1074","Cetrimide + Chlorhexidine Gluconate","Solution","15 gm + 1.5 gm/100 ml","71","DC00160"
"1075","Secnidazole","Tablet","1 gm","27","DC00206"
"1076","Propranolol Hydrochloride","Tablet","10 mg","23","DC00150"
"1077","Ibuprofen","Suspension","100 mg/5 ml","64","DC00211"
"1078","Levamisole","Syrup","40 mg/5 ml","8","DC00146"
"1079","Linezolid","Tablet","600 mg","23","DC00223"
"1080","Ketoprofen","Capsule","100 mg","64","DC00160"
"1081","Ketoprofen","Capsule","200 mg","64","DC00207"
"1082","Cetrimide + Chlorhexidine Gluconate","Solution","3 gm + 300 mg/100 ml","71","DC00153"
"1083","Diclofenac Potassium","Tablet","50 mg","64","DC00190"
"1084","Oxytetracycline","Powder","20 gm/100 gm","77","DC00208"
"1085","Theophylline","Capsule","400 mg","44","DC00238"
"1086","Duloxetine","Capsule","20 mg","14","DC00233"
"1087","Metformin Hydrochloride","Oral Solution","500 mg/5 ml","15","DC00220"
"1088","Domperidone","Sachet","10 mg","18","DC00232"
"1089","Strontium Renalate","Sachet","2 gm","48","DC00232"
"1090","Domperidone","Paediatric Drops","5 mg/ml","18","DC00220"
"1091","Sodium Cromoglycate","Capsule","100 mg","44","DC00216"
"1092","Ferrous Sulphate + Folic Acid + Nicotinamide + Pyridoxine Hydrochloride + Riboflavin + Vitamin B1 + Vitamin C + Zinc","Capsule","150 mg + 500 mcg + 10 mg + 1 mg + 2 mg + 1 mg + 50 mg + 22.5 mg","",""
"1093","Levetiracetam","Tablet","750 mg","46","DC00237"
"1094","Telithromycin","Tablet","400 mg","23","DC00229"
"1095","Colistin Sulphate + Doxycycline","Powder","500000 IU + 100 mg/gm","77",""
"1096","Metoclopramide Hydrochloride","Syrup","5 mg/5 ml","18","DC00157"
"1097","Pyrantel Pamoate","Suspension","500 mg/10 ml","8",""
"1098","Ascorbic Acid + Calcium Pantothenate + Cupric Sulphate + Cyanocobalamin + Ferrous Sulphate + Folic Acid + Manganese Sulphate + Nicotinamide + Potassium Iodide + Potassium Sulphate + Pyridoxine Hydrochloride + Riboflavin + Vitamin A + Vitamin B1 + Vitamin D + Vitamin E + Zinc Sulphate","Capsule","60 mg + 10.92 mg + 2 mg + 6 mcg + 50 mg + 400 mcg + 1 mg + 20 mg + 196 mcg + 11.141 mg + 2 mg + 1.7 mg + 1.5 mg + 1.5 mg + 10 mcg + 15 IU + 41.16 mg","78","DC00193"
"1099","Cefprozil","Powder For Suspension","250 mg/5 ml","23","DC00233"
"1100","Fluticasone Propionate + Salmeterol","Capsule","250 mcg + 50 mcg","44",""
"1101","Azelastin Hydrochloride","Nasal Spray","137 mcg/Metered Inhalation","50","DC00234"
"1102","Levocarnitine","Syrup","500 mg/5 ml","75","DC00232"
"1103","Levosalbutamol","Aerosol Inhalation","50 mcg/Metered Inhalation","44","DC00233"
"1104","Fluticasone Propionate","Aerosol Inhalation","500 mcg/Metered Inhalation","44","DC00125"
"1105","Fluticasone Propionate","Aerosol Inhalation","250 mcg/Metered Inhalation","44","DC00225"
"1106","Zafirlukast","Tablet","10 mg","44","DC00219"
"1107","Cobalt + Iron + Zinc","Powder","74 mcg + 3 mcg + 2.2 mg/gm","77","DC00238"
"1108","Doxycycline + Tylosin","Powder","100 mg + 200 mg/gm","77","DC00238"
"1109","Naproxen","Tablet","250 mg","64","DC00196"
"1110","Ipratropium Bromide + Salbutamol","Aerosol Inhalation","20 mcg + 100 mcg/Metered Inhalation","44","DC00230"
"1111","Zinc","Tablet","20 mg","62","DC00230"
"1112","Betamethasone + Neomycin Sulphate","Ointment","100 mg + 500 mg/100 gm","71","DC00109"
"1113","Sodium Cromoglycate","Eye & Nasal Drops","20 mg/ml","50","DC00146"
"1114","Timolol Maleate","Eye Drops",".25 %","52","DC00146"
"1115","Timolol Maleate","Eye Drops",".5 %","52","DC00160"
"1116","Hydrocortisone Acetate + Pramoxine","Cream","2.5 gm + 1 gm/100 gm","71","DC00233"
"1117","Hydrocortisone Acetate + Pramoxine","Ointment","2.5 gm + 1 gm/100 gm","71","DC00233"
"1118","Calcium Chloride + Glacial Acetic Acid + Magnessium Chloride + Potassium Chloride + Sodium Chloride","Dialysis Solution",".549 gm + .856 gm + .374 gm + .549 gm + 16.143 gm/100 ml","","DC00012"
"1119","Aspirin","Tablet","150 mg","26","DC00229"
"1120","Hydrochlorothiazide + Valsartan","Tablet","12.5 mg + 160 mg","22","DC00230"
"1121","Tranexamic Acid","Capsule","500 mg","19","DC00201"
"1122","Pheniramine Maleate","Tablet","75 mg","21",""
"1123","Ferrous Sulphate","Tablet","200 mg","45",""
"1124","Midazolam","Tablet","7.5 mg","57","DC00206"
"1125","Terbinafine","Tablet","250 mg","20","DC00190"
"1126","Mupirocin","Cream","100 mg/5 gm","71","DC00210"
"1127","Bacitracin Zinc + Neomycin Sulphate","Powder","250 IU + 5 mg/gm","71","DC00106"
"1128","Chloramphenicol","Eye Drops","5 mg/ml","52","DC00160"
"1129","Chloramphenicol","Eye Ointment","1 gm/100 gm","52","DC00149"
"1130","Azithromycin","Tablet","250 mg","23","DC00238"
"1131","Verapamil Hydrochloride","Injection","5 mg/2 ml","22","DC00112"
"1132","Valsartan","Capsule","80 mg","22","DC00209"
"1133","Dextrose + Lidocaine Hydrochloride","Injection","5 % + 1 %/ml","",""
"1134","Levodopa","Tablet","500 mg","","DC00001"
"1135","Benzoyl Peroxide","Cream","2.5 gm/100 gm","71","DC00162"
"1136","Benzoyl Peroxide","Cream","250 mg","71",""
"1137","Chlorpheniramine Maleate","Eye Drops","5 mg/ml","52","DC00238"
"1138","Tylosin","Injection","10 gm/100 ml","77","DC00238"
"1139","Dextran 70 + Dextrose","IV Infusion","6 gm + 5 gm/100 ml","79","DC00171"
"1140","Sodium Cromoglycate + Xylometazoline Hydrochloride","Nasal Drops","2 gm + 25 mg/100 ml","50","DC00228"
"1141","Xylometazoline Hydrochloride","Nasal Spray","50 mg/100 ml","50","DC00214"
"1142","Dextrose + Sodium Chloride","IV Infusion","5 gm + 180 mg/100 ml","79","DC00171"
"1143","Lithium Carbonate","Tablet","400 mg","28","DC00238"
"1144","5 Aminosalicylic Acid","Tablet","400 mg","64","]"
"1145","Needle","Butterfly",".","41","DC00218"
"1146","Adrenaline + Lidocaine Hydrochloride","Injection","5 mcg + 10 mg","5","DC00160"
"1147","Benzocaine + Oxytetracycline + Polymixin B Sulphate","Solution","250 mg + 25 mg + 50000 IU/100 ml","",""
"1148","Chlorpromazine Hydrochloride","Tablet","50 mg","18","DC00238"
"1149","Erythromycin","Solution","100 mg/5 ml","71","DC00215"
"1150","Dextran + Sodium Chloride","Injection","40 mg + 9 mg","79","DC00171"
"1151","Diethylcarbamazine Citrate","Tablet","50 mg","8","DC00160"
"1152","Levocarnitine","Tablet","330 mg","75","DC00229"
"1153","Cephalexin","Raw Materials","100 %","34",""
"1154","Tranexamic Acid","Injection","500 mg/5 ml","19","DC00160"
"1155","Calcium Chloride + Dextrose Anhydrous + Magnessium Chloride + Potassium Chloride + Sodium Acetate + Sodium Chloride","Dialysis Solution","22 mg + 1.5 gm + 15 mg + 22 mg + 476 mg + 556 mg/100 ml","59","DC00238"
"1156","Phenylepherine Hydrochloride + Tropicamide","Eye Drops","50 mg + 8 mg/ml","52","DC00226"
"1157","Water For Injection","Injection","10 ml","79","DC00160"
"1158","Ketoconazole","Cream","20 mg/gm","71","DC00189"
"1159","Ivermectin","Tablet","3 mg","8","DC00230"
"1160","Albendazole","Suspension","200 mg/5 ml","8","DC00221"
"1161","Hyoscine Butyl Bromide","Tablet","20 mg","11","DC00216"
"1162","Cefpodoxime","Capsule","200 mg","23","DC00226"
"1163","Alprazolam","Tablet",".25 mg","57","DC00211"
"1164","Cephradine","Raw Materials","100 %","34",""
"1165","Celecoxib","Raw Materials","100 %","34",""
"1166","Nitazoxanide","Powder For Suspension","100 mg/5 ml","27","DC00232"
"1167","Promethazine Theoclate","Tablet","25 mg","21","DC00162"
"1168","Fluticasone Propionate","Ointment","5 mg/100 gm","71","DC00212"
"1169","Sodium Cromoglycate","Nasal Drops","30 mg/ml","50","DC00209"
"1170","Cyanocobalamin","Injection","250 mcg/ml","78","DC00238"
"1171","Hydroxocobalamin","Injection","1 mg/ml","45","DC00121"
"1172","Ketorolac Tromethamine","Injection","10 mg/ml","64","DC00212"
"1173","Clindamycin","Vaginal Cream","20 mg/gm","23","DC00235"
"1174","Cholecalciferol (Vit. D3)","Syrup","25 mcg/5 ml","78","DC00203"
"1175","Lomustine","Capsule","10 mg","10","DC00160"
"1176","Nortriptyline","Capsule","10 mg","14","DC00238"
"1177","Frusemide","Tablet","20 mg","42","DC00238"
"1178","Clopidogrel","Tablet","75 mg","26","DC00220"
"1179","Clobetasol Propionate","Ointment","50 mg/100 gm","71","DC00212"
"1180","Minoxidil","Scalp Lotion","50 mg/ml","71","DC00228"
"1181","Cefpodoxime","Tablet","200 mg","23","DC00224"
"1182","Conjugated Oestrogens","Tablet","625 mcg","56","DC00238"
"1183","Tadalafil","Tablet","10 mg","43","DC00241"
"1184","Calamine + Zinc Oxide","Lotion","15 gm + 5 gm/100 ml","71","DC00162"
"1185","Labetalol Hydrochloride","Tablet","100 mg","22","DC00234"
"1186","Carbocisteine","Paediatric Drops","100 mg/5 ml","31","DC00238"
"1187","Sulfaclozine + Vitamin K","Powder","300 mg + 20 mg/gm","77","DC00238"
"1188","Ferrous Sulphate + Folic Acid + Zinc","Pellets","177.78 gm + 1.111 gm + 137.333 gm/KG","34",""
"1189","Zinc","Suspension","4.05 mg/5 ml","62","DC00217"
"1190","Calcium Chloride + Glacial Acetic Acid + Magnessium Chloride + Potassium Chloride + Sodium Chloride","Dialysis Solution","5.49 gm + 8.56 gm + 3.74 gm + 5.49 gm + 161.43 gm/100 ml","",""
"1191","Glimepiride + Pioglitazone","Tablet","2 mg + 30 mg","15","DC00235"
"1192","Cefadroxil","Powder For Suspension","125 mg/5 ml","23","DC00220"
"1193","Cefixime","Capsule","200 mg","23","DC00194"
"1194","Clotrimazole","Vaginal Tablet","500 mg","20","DC00221"
"1195","Drotaverine Hydrochloride","Tablet","40 mg","11","DC00152"
"1196","Tadalafil","Tablet","20 mg","43","DC00241"
"1197","Labetalol Hydrochloride","Tablet","200 mg","22","DC00234"
"1198","Salicylic Acid","Cream","12 gm/100 gm","71","DC00234"
"1199","Amoxicillin","Powder for Pedriatric Drop","125 mg/1.25 ml","23","DC00238"
"1200","Cyanocobalamin + Elemental Iron + Folic Acid","Syrup","25 mg + 100 mg + 1 mg/5 ml","45","DC00230"
"1201","Chlorpheniramine Maleate + Dexamethasone","Eye Drops","500 mg + 100 mg/100 ml","52","DC00238"
"1202","Salbutamol","Syrup","2 mg/5 ml","44","DC00146"
"1203","Alfaprostol","Injection","200 mg/100 ml","77","DC00209"
"1204","Dextran 70 + Sodium Chloride","Solution For Infusion","60 gm + 75 gm/Litres","79","DC00227"
"1205","Alprazolam","Xr Tablet","1 mg","57","DC00238"
"1206","Tetracaine","Gel","4 gm/100 gm","73","DC00238"
"1207","Fentanyl","Tablet","200 mcg","65","DC00238"
"1208","Aminosidine","Injection","17.5 gm/100 ml","77","DC00209"
"1209","Calcium Gluconate + Magnesium Hypophosphite","Injection","28 gm + 9 gm/100 ml","77","DC00209"
"1210","Paracetamol","IV Infusion",".5 gm/50 ml","6","DC00240"
"1211","Pyridoxine Hydrochloride + Riboflavin + Vitamin B1","Injection","100 mg + 5 mg + 100 mg","78","DC00238"
"1212","Cinchocaine Hydrochloride + Hydrocortisone","Suppository","5 mg + 5 mg","33","DC00214"
"1213","Tamoxifen","Tablet","10 mg","10","DC00158"
"1214","Glycerol","Suppository","2.3 gm","60","DC00162"
"1215","Sumatriptan","Tablet","100 mg","47","DC00225"
"1216","Captopril","Tablet","25 mg","22","DC00159"
"1217","Beclomethasone Dipropionate","Aerosol Inhalation","100 mcg/Metered Inhalation","44","DC00209"
"1218","Hydrocortisone Acetate + Neomycin Sulphate","Cream","500 mg + 500 mg/100 gm","71","DC00150"
"1219","Adapalene + Benzoyl Peroxide","Gel",".1 gm + 2.5 gm/100 gm","71","DC00238"
"1220","Protamin Sulphate","Injection","1 gm/100 ml","12","DC00238"
"1221","Valacyclovir","Tablet","1 gm","32","DC00238"
"1222","Lubiprostone","Capsule","24 mcg","60","DC00235"
"1223","Lanthanum","Tablet","500 mg","62","DC00238"
"1224","Lanthanum","Tablet","750 mg","62","DC00238"
"1225","Beta Carotene + Calcium + Cholecalciferol (Vit. D3) + Cyanocobalamin + Folic Acid + Iodine + Iron + Magnesium + Nicotinamide + Phosphorous + Pyridoxine Hydrochloride + Riboflavin + Thiamine Nitrate + Vitamin C + Vitamin E + Zinc","Tablet","3 mg + 59 mg + 250 IU + 1.5 mcg + 250 mcg + 125 mcg + 5 mg + 15 mg + 7.5 mg + 45.6 mg + 750 mcg + 750 mcg + 500 mcg + 15 mg + 5.2 IU + 8 mg","78","DC00238"
"1226","Eptifibatide","Injection","2 mg/ml","26","DC00238"
"1227","Iopamidol","Injection","370 mg/ml","41","DC00126"
"1228","Salbutamol","Nebuliser Solution","1 mg/ml","44","DC00206"
"1229","Levosalbutamol","Nebuliser Solution","630 mcg/3 ml","44","DC00234"
"1230","Isoniazid + Rifampicin","Tablet","150 mg + 150 mg","30","DC00216"
"1231","Sumatriptan","Tablet","50 mg","47","DC00225"
"1232","Isoniazid + Rifampicin","Tablet","60 mg + 60 mg","30",""
"1233","Isoniazid + Rifampicin","Tablet","75 mg + 150 mg","30","DC00216"
"1234","Testosterone","Gel","10 mg/gm","72","DC00228"
"1235","Moxifloxacin","IV Infusion","160 mg/100 ml","23","DC00239"
"1236","Bumetanide","Tablet","5 mg","42","DC00239"
"1237","Galantamine","Tablet","12 mg","37","DC00237"
"1238","Galantamine","Oral Solution","400 mg/100 ml","37","DC00237"
"1239","Interferon Alfa-2a","Injection","3 MIU/.5 ml","58","DC00209"
"1240","Interferon Alfa-2a","Injection","4.5 MIU/.5 ml","58","DC00209"
"1241","5 Aminosalicylic Acid + Cisplatin","Injection","5 mg + 50 mg/vial","10","DC00001"
"1242","Carboplatin","Injection","150 mg/15 ml","10","DC00215"
"1243","Indapamide + Perindopril Erbumine","Tablet","625 mcg + 2 mg","42","DC00230"
"1244","Perindopril Erbumine","Tablet","2 mg","22","DC00225"
"1245","Aminophylline","Tablet","350 mg","44","DC00114"
"1246","Escitalopram","Tablet","5 mg","14","DC00224"
"1247","Cefprozil","Tablet","250 mg","23","DC00232"
"1248","Glycerine","Liquid","100 %","54",""
"1249","Potassium Bicarbonate + Potassium Chloride","Tablet","200 mg + 448 mg","62","DC00238"
"1250","Salbutamol","Tablet","4 mg","44","DC00146"
"1251","Tenofovir Disoproxil Fumarate","Tablet","300 mg","32","DC00233"
"1252","Levamisole + Rofaxanide","Suspension","15 mg + 22.5 mg/ml","77","DC00226"
"1253","Bupivacaine + Dextrose","Injection","20 mg + 320 mg/ml","5",""
"1254","Voriconazole","Tablet","200 mg","20","DC00231"
"1255","Aztreonam","IV/IM Injection","1 gm/vial","23","DC00238"
"1256","Diclofenac Sodium","Sr Tablet","100 mg","64","DC00175"
"1257","Dex-Ketoprofen Trometamol","Tablet","25 mg","64","DC00233"
"1258","Metronidazole","Tablet","500 mg","27","DC00235"
"1259","Metronidazole","Tablet","250 mg","27","DC00235"
"1260","Dextrose Anhydrous + Potassium Chloride + Sodium Chloride + Trisodium Citrate","Oral Saline","10 gm + 750 mg + 1.75 gm + 1.45 gm/500 ml","79","DC00171"
"1261","Sodium Hyaluronate","Injection","20 mg/2 ml","64","DC00234"
"1262","Sodium Nitroprusside Dihydrate","IV Injection","50 mg/5 ml","22","DC00162"
"1263","Ferrous Sulphate + Folic Acid + Zinc","Pellets","150 mg + 500 mcg + 61.8 mg","34","DC00210"
"1264","Tiamulin Hydrogen Fumerate","Powder","15 %","77","DC00230"
"1265","Adrenaline + Lidocaine Hydrochloride","Injection","20 mcg + 20 mg/ml","5","DC00160"
"1266","Metoprolol Tartrate","Injection","1 mg/ml","22","DC00235"
"1267","Labetalol Hydrochloride","Injection","5 mg/ml","22","DC00235"
"1268","Pentoxifylline","Tablet","400 mg","36","DC00109"
"1269","Dexibuprofen (S Ibuprofen)","Tablet","200 mg","64","DC00232"
"1270","Hydrochlorothiazide + Irbesartan","Tablet","12.5 mg + 75 mg","22","DC00231"
"1271","Metoprolol Tartrate","Tablet","25 mg","22","DC00235"
"1272","Tolterodine Tartrate","Capsule","2 mg","49","DC00238"
"1273","Clomiphene Citrate","Tablet","100 mg","53","DC00233"
"1274","Thiamine Hydrochloride","Injection","25 mg/ml","78","DC00180"
"1275","Folic Acid","Tablet","5 mg","45","DC00146"
"1276","Betamethasone + Fusidic Acid","Cream","100 mg + 2 gm/100 gm","71","DC00235"
"1277","Magnesium Hydroxide","Raw Materials","100 %","34",""
"1278","Neomycin Sulphate","Eye Ointment","5 mg/gm","52",""
"1279","Chloroquine","Injection","200 mg/5 ml","24","DC00207"
"1280","Povidone Iodine","Eye Drops","1.25 gm/100 ml","52","DC00231"
"1281","Heparin Sodium","Injection","5000 IU/5 ml","12",""
"1282","Dextrose + Sodium Chloride","IV Infusion","5 % + .9 %","79","DC00216"
"1283","Pvc Bags For Iv Infusion","Pvc Bag","1 No's","41","DC00181"
"1284","Ciprofloxacin","IV Infusion","400 mg/100 ml","23","DC00228"
"1285","Theophylline","Tablet","400 mg","44","DC00238"
"1286","Clarithromycin","Er Tablet","500 mg","23","DC00233"
"1287","Diosmin + Hesperidin","Tablet","450 mg + 50 mg","75","DC00238"
"1288","Aripiprazole","Tablet","10 mg","28","DC00231"
"1289","Famotidine","Tablet","40 mg","55","DC00190"
"1290","Ramipril","Capsule","5 mg","22","DC00189"
"1291","Piracetam","Tablet","800 mg","75","DC00206"
"1292","Sitagliptin","Tablet","50 mg","15","DC00235"
"1293","Sitagliptin","Tablet","100 mg","15","DC00235"
"1294","Clonidine Hydrochloride","Tablet","300 mcg","22","DC00229"
"1295","Terbutaline Sulphate","Syrup","1.5 mg/5 ml","44","DC00215"
"1296","Duloxetine","Tablet","60 mg","14","DC00231"
"1297","Sulphamethoxazole + Trimethoprim","Tablet","100 mg + 20 mg","23",""
"1298","Folic Acid + Zinc","Tablet","500 mcg + 22.5 mg","",""
"1299","Ribavirin","Capsule","200 mg","32","DC00224"
"1300","Folic Acid + Vitamin C + Vitamin D3","Tablet","2 mg + 400 mg + 400 IU","45","DC00230"
"1301","Bisoprolol Hemifumarate + Hydrochlorothiazide","Tablet","2.5 mg + 6.25 mg","22","DC00240"
"1302","Zaleplone","Capsule","10 mg","57","DC00216"
"1303","Ethambutol","Tablet","400 mg","30","DC00146"
"1304","Gramacidin + Neomycin Sulphate + Nystatin + Triamcinolone Acetonide","Cream","25 mg + 250 mg + 100 Lac IU + 100 mg/100 gm","71",""
"1305","Simethicone","Emulsion","1 gm/100 ml","77","DC00238"
"1306","Metronidazole + Neomycin Sulphate + Nystatin + Polymixin B Sulphate","Suppository","200 mg + 35000 IU + 1 Lac IU + 35000 IU","49","DC00207"
"1307","Verapamil Hydrochloride","Tablet","40 mg","22","DC00137"
"1308","Verapamil Hydrochloride","Tablet","80 mg","22","DC00137"
"1309","Zinc","Tablet","10 mg","62","DC00231"
"1310","Sotalol Hydrochloride","Tablet","80 mg","9","DC00226"
"1311","Desloratadine + Pseudoephedrine Sulphate","Tablet","5 mg + 240 mg","21","DC00233"
"1312","Terbutaline Sulphate","Tablet","2.5 mg","44","DC00215"
"1313","Glipizide + Metformin Hydrochloride","Tablet","5 mg + 500 mg","15","DC00230"
"1314","Amlodipine + Benazepril Hydrochloride","Capsule","10 mg + 20 mg","22","DC00231"
"1315","Procyclidine Hydrochloride","Tablet","5 mg","25","DC00160"
"1316","Methotrexate","Tablet","2.5 mg","10","DC00162"
"1317","Levobunolol Hydrochloride","Eye Drops","5 mg/ml","52","DC00233"
"1318","Torasemide","Tablet","5 mg","42","DC00221"
"1319","Torasemide","Tablet","2.5 mg","42","DC00221"
"1320","Ascorbic Acid + Calcium Pantothenate + Cyanocobalamin + Nicotinamide + Pyridoxine Hydrochloride + Riboflavin + Vitamin A + Vitamin B1 + Vitamin D + Vitamin E","Capsule","75 mg + 5 mg + 2 mcg + 13 mg + 1 mg + 10 mg + 5000 IU + 1.5 mg + 400 IU + 5 IU","78","DC00193"
"1321","Cephradine","IV/IM Injection","250 mg/vial","23","DC00238"
"1322","Frusemide + Spironolactone","Tablet","40 mg + 50 mg","42","DC00226"
"1323","Sodium Fusidate","Tablet","250 mg","23","DC00238"
"1324","Fusidic Acid","Suspension","250 mg/5 ml","23","DC00150"
"1325","Diltiazem Hydrochloride","Pellets","100 %","34",""
"1326","Ketoprofen","Pellets","100 %","34",""
"1327","Vitamin C","Pellets","100 %","34",""
"1328","Lomefloxacin","Eye Ointment","3 mg/gm","52",""
"1329","Ispaghula Husk","Sachet","3.5 gm","60","DC00126"
"1330","Gentamicin","Injection","50 mg/ml","77","DC00161"
"1331","Oxytetracycline","Tablet","500 mg","23","DC00127"
"1332","Vitamin A + Vitamin D3 + Vitamin E","Paediatric Drops","1 % + 1 % + 1 %","78",""
"1333","Adrenaline + Lidocaine Hydrochloride","Injection","18 mcg + 20 mg/ml","5","DC00160"
"1334","Terbinafine Hydrochloride","Eye and Ear Ointment","1 gm/100 gm","",""
"1335","Telmisartan","Tablet","80 mg","42","DC00231"
"1336","Glimepiride + Pioglitazone","Tablet","4 mg + 30 mg","15","DC00235"
"1337","Idoxuridine","Eye Drops","1 mg/ml","52","DC00111"
"1338","Homatropine Hydrobromide","Eye Drops","2 gm/100 ml","52","DC00150"
"1339","Betamethasone Sodium Phosphate + Neomycin Sulphate","Eye Drops","100 mg + 500 mg/100 ml","52",""
"1340","Drotaverine Hydrochloride","Injection","40 mg/2 ml","11","DC00238"
"1341","Betaxolol","Eye Drops","250 mg/100 ml","52","DC00195"
"1342","Vitamin A + Vitamin D3 + Vitamin E","Tablet","30 mg + 200 mg + 100 mg","78",""
"1343","Glyceryl Trinitrate","Tablet","2.6 mg","40","DC00169"
"1344","Hydrochlorothiazide + Telmisartan","Tablet","12.5 mg + 40 mg","22","DC00233"
"1345","Rimexolone","Eye Drops","10 mg/ml","52","DC00231"
"1346","Ethinylestradiol + Levo Norgestrel","Tablet","30 mcg + 150 mcg","39",""
"1347","Hydrochlorothiazide + Irbesartan","Tablet","12.5 mg + 300 mg","22","DC00229"
"1348","Econazole Nitrate","Cream","1 gm/100 gm","71","DC00238"
"1349","Salicylic Acid","Cream","6 gm/100 gm","71","DC00234"
"1350","Erythromycin Thiocyanate + Sulphadiazine + Trimethoprim","Powder","18 gm + 15 gm + 3 gm/100 gm","77","DC00238"
"1351","Olmesartan Medoxomil","Tablet","20 mg","22","DC00233"
"1352","Diclofenac Sodium","Tablet","50 mg","64","DC00209"
"1353","Pilocarpine Hydrochloride","Eye Drops","4 %","52","DC00160"
"1354","Bacitracin Zinc + Polymixin B Sulphate","Eye Ointment","500 IU + 10000 IU/gm","52","DC00238"
"1355","Oxytetracycline","Raw Materials","100 %","34",""
"1356","Tolterodine Tartrate","Capsule","4 mg","49","DC00229"
"1357","Diclofenac Sodium","Tablet","25 mg","64","DC00171"
"1358","Paracetamol","Suspension","120 mg/5 ml","6","DC00142"
"1359","Clotrimazole","Solution","10 mg/gm","71","DC00221"
"1360","Rosuvastatin","Tablet","5 mg","61","DC00229"
"1361","Paracetamol","Tablet","500 mg","6","DC00146"
"1362","Choline + Cobalt Sulfate + Cyanocobalamin + Ferrous Sulphate + Vitamin B1","Tablet","9.1 mg + 50 mg + 20 mcg + 100 mg + 25 mg","77","DC00238"
"1363","Diethylstilbestrol","Injection","5 mg/5 ml","77","DC00238"
"1364","Ornidazole","Tablet","500 mg","27","DC00218"
"1365","Flurazepam","Capsule","15 mg","57","DC00160"
"1366","Metronidazole + Miconazole Nitrate","Vaginal Tablet","100 mg + 100 mg","27","DC00191"
"1367","Letrozole","Tablet","2.5 mg","10","DC00215"
"1368","Cefpodoxime","Capsule","100 mg","23","DC00221"
"1369","Dexamethasone","Tablet",".5 mg","72","DC00146"
"1370","Glycerol + Hypromellose + Polyethylene Glycol 400","Eye Drops","200 mg + 360 mg + 1 gm/100 ml","52","DC00241"
"1371","Doxycycline + Neomycin Sulphate","Powder","10 gm + 10 gm/100 gm","77","DC00240"
"1372","Loperamide + Norfloxacine + Trimethoprim + Zinc Oxide","Oral Powder","1 gm + 25 gm + 25 gm + 20 gm/KG","77","DC00240"
"1373","Calcium Propionate + Cobalt Carbonate + DL-Methionine + Gentian + Pyridoxine Hydrochloride + Silicon Dioxide","Powder","500 gm + 100 mg + 40 gm + 80 gm + 380 mg + 12.5 gm/KG","77","DC00240"
"1374","Acetylsalicylic Acid + Ascorbic Acid","Powder","60 gm + 6.65 gm/100 gm","77","DC00240"
"1375","Everolimus","Tablet","10 mg","58","DC00240"
"1376","Everolimus","Tablet","5 mg","58","DC00240"
"1377","Cyanocobalamin + Iron Dextran","Injection","100 mcg + 100 mg/ml","77","DC00237"
"1378","Doxycycline Hydrochloride + Tylosin Tartrate","Powder","250 mg + 200 mg/gm","77","DC00232"
"1379","Primrose Oil","Capsule","500 mg","71","DC00241"
"1380","Coenzyme Q10 (Ubidecarenone)","Capsule","30 mg","75","DC00241"
"1381","Coenzyme Q10 (Ubidecarenone)","Capsule","60 mg","75","DC00241"
"1382","Menthol","Mouth Wash",".042 gm/100 ml","73","DC00241"
"1383","Eucalypytol + Menthol + Thymol","Mouth Wash",".091 gm + .042 gm + .063 gm/100 ml","73","DC00241"
"1384","Sodium Fluoride","Mouth Wash",".022 gm/100 ml","73","DC00241"
"1385","Methyl Prednisolone","Tablet","2 mg","72","DC00241"
"1386","Hydrocortisone","Tablet","20 mg","72","DC00241"
"1387","Benzoyl Peroxide","Gel","2.5 gm/100 gm","71","DC00162"
"1388","Calcitriol + Calcium","Tablet",".25 mcg + 252 mg","78","DC00241"
"1389","Biotin + Calcium + Chromium + Copper + Folic Acid + Iron + Magnesium + Manganese + Niacin + Pantothenic acid + Riboflavin + Selenium + Thiamine + Vitamin A + Vitamin B12 + Vitamin B6 + Vitamin C + Vitamin D + Vitamin E + Vitamin K + Zinc","Tablet","300 mcg + 300 mg + 120 mcg + 2 mg + 400 mcg + 18 mg + 50 mg + 2 mg + 30 mg + 10 mg + 2.6 mg + 20 mcg + 2.3 mg + 2500 IU + 9 mcg + 3 mg + 120 mg + 800 IU + 30 IU + 25 mcg + 15 mg","78","DC00241"
"1390","Biotin + Calcium + Chromium + Copper + Folic Acid + Iron + Magnesium + Manganese + Niacin + Pantothenic acid + Riboflavin + Selenium + Thiamine + Vitamin A + Vitamin B12 + Vitamin B6 + Vitamin C + Vitamin D + Vitamin E + Vitamin K + Zinc","Tablet","300 mcg + 200 mg + 120 mcg + 2 mg + 400 mcg + 9 mg + 100 mg + 2 mg + 30 mg + 10 mg + 4.2 mg + 20 mcg + 3.75 mg + 2500 IU + 15 mcg + 5 mg + 120 mg + 400 IU + 30 IU + 25 mcg + 15 mg","78","DC00241"
"1391","Sevoflurane","Inhalation Liquid","250 ml/250 ml","04","DC00226"
"1392","Fluticasone Propionate","Cream","50 mg/100 gm","71","DC00212"
"1393","Benzoic Acid + Salicylic Acid","Ointment","60 mg + 30 mg/gm","71","DC00142"
"1394","Dimethothiazine Mesylate","Tablet","20 mg","70","DC00238"
"1395","Paracetamol","Syrup","120 mg/5 ml","6","DC00146"
"1396","Amoxicillin + Clavulanic Acid","Injection","1 gm + 200 mg","23","DC00213"
"1397","Mepyramine Maleate","Cream","20 mg/gm","71","DC00190"
"1398","Amoxicillin + Clavulanic Acid","Tablet","500 mg + 125 mg","23","DC00216"
"1399","Econazole Nitrate","Vaginal Tablet","150 mg","20","DC00221"
"1400","Zopiclone","Tablet","7.5 mg","57","DC00188"
"1401","Domperidone","Tablet","10 mg","18","DC00232"
"1402","Aripiprazole","Tablet","15 mg","28","DC00231"
"1403","Nystatin","Suspension","1 Lac Unit/ml","20","DC00160"
"1404","Vitamin C","Tablet","250 mg","78","DC00146"
"1405","Carbamazepine","Tablet","400 mg","46","DC00238"
"1406","Disopyramide","Tablet","100 mg","9","DC00238"
"1407","Betamethasone + Clotrimazole","Cream","100 mg + 1 gm/100 gm","71","DC00189"
"1408","Medroxyprogesterone Acetate","Tablet","10 mg","39","DC00239"
"1409","Pyrimethamine + Sulfadoxine","Injection","25 mg + 500 mg/5 ml","24","DC00238"
"1410","Gliclazide","Tablet","30 mg","15","DC00220"
"1411","Phytomenadione","Injection","10 mg/ml","78","DC00207"
"1412","Amprolium","Powder","20 %","77","DC00238"
"1413","Salbutamol","Inhalation Capsule","100 mcg/Metered Inhalation","44","DC00215"
"1414","Ranitidine","Syrup","75 mg/5 ml","55","DC00209"
"1415","Roxithromycin","Tablet","300 mg","23","DC00220"
"1416","Benzyl Penicillin + Procaine Penicillin","Injection","1 Lac IU + 3 Lac IU","23","DC00162"
"1417","Filgrastim","Injection","30 MIU/ml","45","DC00207"
"1418","Loteprednol Etabonate","Eye Drops",".5 gm/100 ml","52","DC00234"
"1419","Pramipexol","Tablet","700 mcg","25","DC00237"
"1420","Rivastigmine","Tablet","3 mg","37","DC00218"
"1421","Risperidone","Injection","25 mg/vial","28","DC00238"
"1422","Miltefosine","Capsule","50 mg","24","DC00238"
"1423","Lidocaine Hydrochloride","Injection","40 mg/ml","5","DC00171"
"1424","Paracetamol","Tablet","250 mg","6","DC00231"
"1425","Sulfaclozine","Powder","30 %","77","DC00238"
"1426","Oxytetracycline","Injection","5 gm/100 ml","77","DC00238"
"1427","Atropine Sulphate","Ointment","1 %","71","DC00160"
"1428","Benzathine Penicillin","Injection","6 Lac Unit/vial","23","DC00137"
"1429","Glimepiride","Tablet","1 mg","15","DC00216"
"1430","Ramelteon","Tablet","8 mg","57","DC00237"
"1431","Duloxetine","Tablet","30 mg","14","DC00231"
"1432","Ferrous Sulphate","Raw Materials","62 %","34",""
"1433","Hydroxypropyl Methyl Cellulose","Eye Solution","2 gm/100 ml","52","DC00226"
"1434","Benzoyl Peroxide","Lotion","8 gm/100 gm","71","DC00226"
"1435","Racepinephrine","Inhalation Solution","11.25 mg/.5 ml","16","DC00226"
"1436","Vinorelbine","Injection","50 mg/5 ml","10","DC00239"
"1437","Zolmitriptan","Tablet","5 mg","47","DC00226"
"1438","Ondansetron","Injection","8 mg/4 ml","18","DC00211"
"1439","Chloroxylenol + Triclosan","Cream","3 mg + 3 mg/gm","71","DC00122"
"1440","Carboxymethylcellulose Sodium + Glycerine","Eye Drops","5 mg + 9 mg/ml","52","DC00238"
"1441","Povidone Iodine","Gel","100 mg/gm","71","DC00234"
"1442","Terbutaline Sulphate","Aerosol Inhalation","250 mcg/Metered Inhalation","44","DC00238"
"1443","Carvedilol","Tablet","3.125 mg","22","DC00234"
"1444","Methotrexate","Tablet","10 mg","10","DC00210"
"1445","Ceftriaxone","IV/IM Injection","1 gm","23","DC00169"
"1446","Cyanocobalamin + Nicotinamide + Pantothenic acid + Pyridoxine Hydrochloride + Riboflavin + Vitamin A + Vitamin B1 + Vitamin D + Vitamin E","Injection","50 mcg + 35 mg + 25 mg + 3 mg + 5 mg + 15 Lac IU + 10 mg + 1 Lac IU + 20 mg/100 ml","77","DC00238"
"1447","Buprenorphine","Injection","300 mcg/ml","65","DC00231"
"1448","Cefotaxime","IV/IM Injection","500 mg/vial","23","DC00142"
"1449","Doxorubicin Hydrochloride","Injection","50 mg/vial","10","DC00238"
"1450","Benzylpenicillin + Procaine Penicillin + Streptomycin","Injection","5 Lac IU + 15 Lac IU + 2.5 gm/vial","77","DC00238"
"1451","Vincristine Sulphate","Injection","2 mg/vial","10","DC00162"
"1452","Sodium Cromoglycate","Nasal Spray","20 mg/ml","52","DC00169"
"1453","Lamotrigine","Tablet","100 mg","46","DC00209"
"1454","Nicorandil","Tablet","5 mg","40","DC00225"
"1455","Fluvoxamine Maleate","Tablet","50 mg","14","DC00226"
"1456","Methylphenidate Hydrochloride","Tablet","10 mg","14","DC00229"
"1457","Dinoprost","Injection","50 mg/10 ml","77","DC00193"
"1458","Sodium Bicarbonate","Dialysis Solution","5 gm/100 ml","79","DC00193"
"1459","Dextrose","IV Infusion","50 gm/100 ml","79","DC00207"
"1460","Benzyl Penicillin","Injection","10 Lac IU","23","DC00162"
"1461","Venlafaxine","Capsule","75 mg","14","DC00226"
"1462","Estriol","Tablet","1 mg","56","DC00198"
"1463","Amoxicillin Trihydrate + Cyproheptadine Hydrochloride + Guaiphenesin + Lysozyme Hydrochloride + Vitamin A","Powder","5 gm + 1 gm + 3.5 gm + 1 gm + 2500 IU/100 gm","77","DC00237"
"1464","Amoxicillin Trihydrate + Bromhexine Hydrochloride + Vitamin A","Powder","100 gm + 20 gm + 500000 IU/KG","77","DC00237"
"1465","Polymixin B Sulphate + Trimethoprim","Eye Ointment",".14 gm + .5 gm/100 gm","52","DC00216"
"1466","Aztreonam","IM Injection","1 gm/vial","23","DC00238"
"1467","Zolmitriptan","Tablet","2.5 mg","47","DC00226"
"1468","Ginger + Nux vomica + Sodium Bicarbonate","Powder","13.89 gm + 2.78 gm + 83.33 gm/100 gm","77","DC00238"
"1469","Chalk + Kaolin","Powder","666.67 mg + 333.33 mg/gm","77","DC00238"
"1470","Oxybutynin Hydrochloride","Tablet","5 mg","11","DC00224"
"1471","Phenobarbitone","Tablet","60 mg","46","DC00162"
"1472","Ketoprofen","Capsule","50 mg","64","DC00238"
"1473","Folic Acid + Zinc","Capsule","500 mg + 22.5 mg","45","DC00215"
"1474","Fluvastatin","Capsule","20 mg","61","DC00212"
"1475","Cimetidine","Injection","200 mg/2 ml","55","DC00160"
"1476","Trimethoprim","Tablet","100 mg","23","DC00150"
"1477","Butamirate Citrate","Tablet","50 mg","31","DC00228"
"1478","Tramadol Hydrochloride","Injection","100 mg/2 ml","65","DC00210"
"1479","Calcium Acetate","Tablet","667 mg","62","DC00237"
"1480","Epinastine Hydrochloride","Eye Drops",".05 gm/100 ml","52","DC00238"
"1481","Vildagliptin","Tablet","50 mg","15","DC00238"
"1482","Amphotericin B","Injection","50 mg/vial","20","DC00239"
"1483","Bacitracin Zinc + Neomycin Sulphate + Polymixin B Sulphate","Ointment","400 IU + 3.5 mg + 5000 IU/gm","71",""
"1484","Oxytocin","Injection","10 IU/ml","49","DC00127"
"1485","Carbonyl Iron + Folic Acid","Pellets","50 % + .5 %","45",""
"1486","Fluticasone Propionate","Nasal Spray","50 mcg/Spray","50","DC00208"
"1487","Ramipril","Tablet","10 mg","22","DC00223"
"1488","Zinc Sulphate Monohydrate","Raw Materials","100 %","34",""
"1489","Sodium Chloride","Raw Materials","100 %","34",""
"1490","Lisinopril","Tablet","5 mg","22","DC00238"
"1491","Ketorolac Tromethamine","Eye Drops","5 mg/ml","52","DC00214"
"1492","Hydroquinone","Solution","30 mg/ml","71","DC00221"
"1493","Dioxybenzone + Hydroquinone + Octyldimethyl p-aminobenzoate + Oxybenzone","Cream","300 mg + 400 mg + 800 mg + 200 mg/100 gm","71","DC00220"
"1494","Metoclopramide Hydrochloride","Tablet","10 mg","18","DC00210"
"1495","Oxaliplatin","Injection","100 mg/vial","10","DC00239"
"1496","Paracetamol + Tramadol Hydrochloride","Tablet","325 mg + 37.5 mg","6","DC00240"
"1497","Ranolazine","Er Tablet","500 mg","40","DC00238"
"1498","Ranolazine","Er Tablet","1000 mg","40","DC00238"
"1499","Azithromycin","Injection","500 mg","23","DC00218"
"1500","Metoprolol Tartrate","Tablet","50 mg","22","DC00230"
"1501","Betamethasone + Clotrimazole","Ointment","100 mg + 1 gm/100 gm","71","DC00181"
"1502","Iodine","Capsule","200 mg","62","DC00210"
"1503","Guaiphenesin + Pseudoephedrine Hydrochloride + Triprolidine Hydrochloride","Syrup","100 mg + 30 mg + 1.25 mg/5 ml","31","DC00190"
"1504","Bacitracin Zinc + Neomycin Sulphate","Eye Ointment","500 IU + 5 mg/gm","52",""
"1505","Water For Injection","Injection","2 ml","79","DC00149"
"1506","Iron Dextran","Injection","100 mg/1 ml","45",""
"1507","Aluminium Oxide + Magnesium Hydroxide","Suspension","200 mg + 225 mg/5 ml","7","DC00149"
"1508","Magaldrate","Tablet","400 mg","7","DC00238"
"1509","Piperazine","Powder","100 %","77","DC00127"
"1510","Ribavirin","Capsule","400 mg","32",""
"1511","Olopatadine","Nasal Spray",".6 gm/100 gm","50","DC00238"
"1512","L-Lysine HCl","Ointment","15 gm/100 gm","71","DC00238"
"1513","Piracetam","Capsule","400 mg","75","DC00215"
"1514","Piroxicam","Injection","1 gm/5 ml","75","DC00215"
"1515","Pioglitazone","Tablet","30 mg","15","DC00220"
"1516","Ascorbic Acid + Chromium + Copper + Elemental Iron + Folic Acid + Inositol + Iodine + Manganese + Molybdenum + Niacin + Pantothenic acid + Pyridoxine Hydrochloride + Quercetin + Riboflavin + Selenium + Vitamin A + Vitamin B1 + Vitamin E + Vitamin K + Zinc","Capsule","120 mg + 25 mg + 2 mg + 30 mg + 800 mcg + 50 mg + 175 mcg + 1.2 mcg + 25 mcg + 40 mg + 20 mg + 10 mg + 54 mcg + 3.4 mg + 12.5 mcg + 2700 IU + 3.4 mg + 30 IU + 65 mcg + 25 mg","78","DC00227"
"1517","Metformin Hydrochloride + Rosiglitazone","Tablet","500 mg + 1 mg","15","DC00231"
"1518","Pyrimethamine + Sulfadoxine","Tablet","25 mg + 500 mg","24","DC00121"
"1519","Enoxaprin","Injection","60 mg/.6 ml","12","DC00211"
"1520","Enoxaprin","Injection","40 mg/.4 ml","12","DC00210"
"1521","Ferrous Fumarate","Tablet","200 mg","45","DC00146"
"1522","Diaverdin + Nicotinamide + Sulphadimethoxine Sodium + Sulphadimidine + Vitamin K","Powder","3 gm + 3 gm + 2 gm + 20 gm + 2 gm/100 gm","77","DC00238"
"1523","Hydrocortisone + Neomycin Sulphate + Polymixin B Sulphate","Ear Drop","10 mg + 3400 IU + 10000 IU/ml","",""
"1524","Thiophanate","Bolus","2 gm","77","DC00238"
"1525","Ascorbic Acid + Biotin + Boron + Calcium + Chromium + Copper + Cyanocobalamin + Elemental Iron + Folic Acid + Iodine + Lutein + Magnesium + Manganese + Molybdenum + Niacin + Nickel + Pantothenic acid + Phosphorous + Pottassium + Pyridoxine Hydrochloride + Riboflavin + Selenium + Silicon + Tin + Vanadium + Vitamin A + Vitamin B1 + Vitamin D3 + Vitamin E + Vitamin K + Zinc","Soft Gelatin Capsule","60 mg + 30 mcg + 150 mcg + 162 mg + 120 mcg + 2 mg + 6 mcg + 18 mg + 400 mcg + 150 mcg + 250 mcg + 100 mg + 2 mg + 75 mcg + 20 mg + 5 mcg + 10 mg + 109 mg + 80 mg + 2 mg + 1.7 mg + 20 mcg + 2 mg + 10 mcg + 10 mcg + 5000 IU + 1.5 mg + 400 IU + 30 IU + 25 mcg + 15 mg","78","DC00228"
"1526","Ipratropium Bromide","Aerosol Inhalation","20 mcg/Metered Inhalation","44","DC00210"
"1527","Levosalbutamol","Syrup","1 mg/5 ml","44","DC00233"
"1528","Fusidic Acid","Ointment","2 gm/100 gm","71","DC00208"
"1529","Candesartan Cilexetil","Tablet","16 mg","22","DC00224"
"1530","Lansoprazole","Pellets","100 %","34",""
"1531","Metformin Hydrochloride","Tablet","750 mg","15",""
"1532","Pemirolast Potassium","Eye Drops","1 mg/ml","52","DC00231"
"1533","Hydrochlorothiazide + Losartan Potassium","Tablet","12.5 mg + 100 mg","22","DC00234"
"1534","Esomeprazole","Capsule","20 mg","67","DC00238"
"1535","Levosalbutamol","Tablet","1 mg","44","DC00233"
"1536","Meloxicam","Tablet","7.5 mg","64","DC00215"
"1537","Danazol","Capsule","200 mg","49","DC00211"
"1538","Candesartan Cilexetil","Tablet","8 mg","22","DC00224"
"1539","Fluoxetine","Capsule","20 mg","14","DC00196"
"1540","Betahistine Dihydrochloride","Tablet","8 mg","21","DC00216"
"1541","Vitamin C + Vitamin E","Tablet","200 mg + 200 mg","78","DC00216"
"1542","Meloxicam","Suppository","7.5 mg","64","DC00224"
"1543","Norgestrel","Tablet",".075 mg","56","DC00190"
"1544","Chlorthalidone","Tablet","25 mg","42","DC00234"
"1545","Dextrose + Sodium Chloride","IV Infusion","5 % + .225 %/100 ml","79","DC00166"
"1546","Iodine","Tincture","2.5 %","54","DC00162"
"1547","Diabasic Sodium Phosphate + Monobasic Sodium Phosphate","Per Rectal","7 gm + 19 gm/118 ml","41","DC00229"
"1548","Secnidazole","Tablet","500 mg","27","DC00196"
"1549","Diclofenac Sodium","Tablet","100 mg","64","DC00175"
"1550","Ranitidine","Injection","50 mg/2 ml","55","DC00160"
"1551","Xylometazoline Hydrochloride","Nasal Drops","100 mg/100 ml","50","DC00160"
"1552","Paracetamol","Paediatric Drops","80 mg/ml","6","DC00223"
"1553","Beclomethasone Dipropionate","Nasal Spray","1 mcg/Spray","50","DC00238"
"1554","Lansoprazole","Capsule","30 mg","67","DC00215"
"1555","Potassium Chloride + Sodium Acetate + Sodium Chloride","IV Infusion","100 mg + 650 mg + 500 mg/100 ml","79","DC00171"
"1556","Mebendazole","Tablet","100 mg","8","DC00159"
"1557","Cephradine","Paediatric Drops","125 mg/1.25 ml","23","DC00201"
"1558","Ketoprofen","Tablet","50 mg","64","DC00153"
"1559","Calcium Chloride + Potassium Chloride + Sodium Chloride + Sodium Lactate","Injection","27 mg + 40 mg + 600 mg + 320 mg/100 ml","62",""
"1560","Cinacalcet","Tablet","90 mg","62","DC00237"
"1561","Cinacalcet","Tablet","60 mg","62","DC00237"
"1562","Dextrose Anhydrous","IV Infusion","25 gm/100 ml","77","DC00163"
"1563","Paracetamol","Suppository","250 mg","6","DC00209"
"1564","Omeprazole","Capsule","10 mg","67","DC00214"
"1565","Omeprazole","Capsule","40 mg","67","DC00189"
"1566","Olanzapine","Tablet","10 mg","28","DC00215"
"1567","Sparfloxacin","Tablet","200 mg","23","DC00206"
"1568","Fluticasone Propionate","Inhalation Capsule","100 mcg","44","DC00221"
"1569","Fluticasone Propionate","Inhalation Capsule","50 mcg","44","DC00238"
"1570","Pantoprazole","Tablet","20 mg","67","DC00220"
"1571","Levofloxacin","Tablet","500 mg","23","DC00220"
"1572","Levamisole","Syrup","1 %","77","DC00238"
"1573","Ciprofloxacin","Solution","10 %","","DC00119"
"1574","Zinc","Capsule","20 mg/5 ml","",""
"1575","Dextrose Anhydrous","IV Infusion","50 gm/100 ml","77","DC00163"
"1576","Nebivolol","Tablet","2.5 mg","22","DC00235"
"1577","Vitamin E","Capsule","400 mg","78","DC00189"
"1578","Pantoprazole","Pellets","75 gm/KG","34",""
"1579","Chloramphenicol","Eye & Nasal Drops","5 mg/ml","",""
"1580","Clonazepam","Tablet",".5 mg","46","DC00238"
"1581","Clonazepam","Tablet","2 mg","46","DC00207"
"1582","Tacrolimus","Ointment","30 mg/100 gm","71","DC00226"
"1583","Roxithromycin","Tablet","150 mg","23","DC00220"
"1584","Spironolactone","Tablet","25 mg","42","DC00160"
"1585","Rizatriptan","Tablet","10 mg","47","DC00224"
"1586","Rizatriptan","Tablet","5 mg","47","DC00224"
"1587","Terfenadine","Tablet","60 mg","21","DC00189"
"1588","Losartan Potassium","Tablet","50 mg","22","DC00215"
"1589","Gadoversetamide","Injection","330.9 mg/ml","41","DC00237"
"1590","Iodixanol","Injection","652 mg/ml","41","DC00231"
"1591","Iodixanol","Injection","550 mg/ml","41","DC00231"
"1592","Folinic Acid","Injection","10 mg/ml","10","DC00227"
"1593","Cefpodoxime + Clavulanic Acid","Tablet","200 mg + 125 mg","23","DC00241"
"1594","Camphor + Menthol + Methyl Salicylate","Cream","4 gm + 10 gm + 30 gm/100 gm","71","DC00241"
"1595","Sorafenib","Tablet","200 mg","10","DC00241"
"1596","Gatifloxacin","Eye Drops","500 mg/100 ml","23","DC00241"
"1597","Doripenem","Injection","250 mg/vial","23","DC00241"
"1598","Vitamin A + Vitamin D3 + Vitamin E","Injection","500 Lac IU + 75 Lac IU + 5000 mg/100 ml","77","DC00241"
"1599","Vitamin A + Vitamin D3 + Vitamin E","Injection","150 Lac IU + 22.5 Lac IU + 1500 mg/30 ml","77","DC00241"
"1600","Vitamin A + Vitamin D3 + Vitamin E","Injection","50 Lac IU + 7.5 Lac IU + 500 mg/10 ml","77","DC00241"
"1601","Tranexamic Acid","Injection","3 gm/30 ml","77","DC00241"
"1602","Tranexamic Acid","Injection","1 gm/10 ml","77","DC00241"
"1603","Clorsulon + Ivermectin","Injection","3 gm + 300 mg/30 ml","77","DC00241"
"1604","Clorsulon + Ivermectin","Injection","500 mg + 50 mg/5 ml","77","DC00241"
"1605","Diphenhydramine Hydrochloride","Injection","600 mg/30 ml","77","DC00241"
"1606","Diphenhydramine Hydrochloride","Injection","200 mg/10 ml","77","DC00241"
"1607","Ketoprofen","Bolus","400 mg","77","DC00241"
"1608","Beclomethasone Dipropionate","Nasal Spray",".22 gm","",""
"1609","Beclomethasone Dipropionate","Nasal Spray","11 mg/22 gm","50","DC00241"
"1610","Propafenone Hydrochloride","Tablet","150 mg","9","DC00240"
"1611","Cefixime","Paediatric Drops","2.5 gm/100 ml","23","DC00241"
"1612","Diacerein + Glucosamine Sulphate","Tablet","50 mg + 750 mg","64","DC00241"
"1613","Calcium Orotate","Tablet","400 mg","62","DC00241"
"1614","Ferrous Ascorbate","Tablet","275 mg","45","DC00241"
"1615","Citicoline","Injection","500 mg/4 ml","36","DC00241"
"1616","Calcium + Cholecalciferol (Vit. D3)","Tablet","600 mg + 400 IU","62","DC00241"
"1617","Methyl Prednisolone","Tablet","4 mg","72","DC00239"
"1618","Methyl Prednisolone","Tablet","16 mg","72","DC00239"
"1619","Aliskiren","Tablet","150 mg","22","DC00238"
"1620","Aliskiren","Tablet","300 mg","22","DC00238"
"1621","Aliskiren + Hydrochlorothiazide","Tablet","150 mg + 12.5 mg","22","DC00238"
"1622","Ulipristal Acetate","Tablet","30 mg","39","DC00241"
"1623","Retapamulin","Ointment","1 gm/100 gm","71","DC00241"
"1624","Carboxypolymethylene + Hydroxy Ethyl Cellulose","Gel",".93 gm + 2.97 gm/100 gm","77","DC00240"
"1625","Rivaroxaban","Tablet","10 mg","12","DC00241"
"1626","Astaxanthin","Capsule","2 mg","75","DC00241"
"1627","Astaxanthin","Capsule","4 mg","75","DC00241"
"1628","Neomycin Sulphate + Polymixin B Sulphate + Prednisolone","Eye Drops","350 mg + 127 mg + 500 mg/100 ml","52","DC00234"
"1629","Toltrazuril","Suspension","5 gm/100 ml","77","DC00240"
"1630","Albendazole","Suspension","10 gm/100 ml","77","DC00240"
"1631","Imatinib","Tablet","400 mg","10","DC00229"
"1632","Clobetasol Propionate","Shampoo",".05 gm/100 gm","71","DC00231"
"1633","Aztreonam","Injection","1 gm/vial","23","DC00238"
"1634","Ascorbic Acid + Biotin + Cholecalciferol (Vit. D3) + Cyanocobalamin + Dl-Alpha Tocoferol (Vitamin E) + Folic Acid + Nicotinamide + Pantothenic acid + Pyridoxine Hydrochloride + Retinol Palmitate + Riboflavin + Thiamine Mononitrate (B1)","Injection","125 mg + 69 mcg + 220 IU + 6 mcg + 11.2 IU + 414 mcg + 46 mg + 17.25 mg + 5.5 mg + 3500 IU + 4.14 mg + 3.51 mg/vial","78","DC00240"
"1635","Ceftiofur","Injection","1 gm/vial","77","DC00231"
"1636","Calcium Chloride + D-Pantothenol + DL-Methionine + Dextrose + L-Arginine Hcl + L-Cysteine Hcl + L-Histidine Hcl + L-Isolencine + L-Leucine + L-Lysine HCl + L-Phenylalamine + L-Threonine + L-Tryptophane + L-Valine + Magnesium Sulphate + Monosodium Glutamate + Nicotinamide + Potassium Chloride + Pyridoxine + Riboflavin + Sodium Acetate + Thiamine Hydrochloride","Injection","2 mg + .1 mg + .525 mg + 50 mg + 1.425 mg + .02 mg + .02 mg + .525 mg + .6 mg + .525 mg + .35 mg + .35 mg + .175 mg + .525 mg + 2 mg + .08 mg + 3 mg + 2 mg + .1 mg + .05 mg + 7.5 mg + .1 mg/ml","77","DC00229"
"1637","Betahistine Dihydrochloride","Tablet","16 mg","21","DC00241"
"1638","Hydrous Benzoyl Peroxide","Gel","6.5 gm/100 gm","71","DC00241"
"1639","Coal Tar Solution + Precipitated Sulpher + Salicylic Acid","Scalp Ointment","12 gm + 4 gm + 2 gm/100 gm","71","DC00240"
"1640","Metolazone","Tablet","5 mg","42","DC00233"
"1641","Tiemonium Methylsulphate","Suppository","20 mg","11","DC00240"
"1642","Bromhexine Hydrochloride","Powder","10 mg/gm","77","DC00240"
"1643","Blood Tubing Set For Hemodialysis","Blood Tubing Set","1 Size","41",""
"1644","Desloratadine","Paediatric Drops","50 mg/100 ml","21","DC00240"
"1645","Calcium Chloride + Magnessium Chloride + Potassium Chloride + Sodium Acetate + Sodium Chloride + Sodium Citrate","Salt Solution",".48 mg + .3 mg + .75 mg + 3.9 mg + 6.4 mg + 1.7 mg/ml","79","DC00235"
"1646","Azithromycin","Powder For Suspension","2 gm","23","DC00240"
"1647","Ciprofloxacin","Sachet","250 mg","23",""
"1648","Epirubicin Hydrochloride","Injection","10 mg/5 ml","10","DC00238"
"1649","Mefenamic Acid","Capsule","250 mg","64","DC00155"
"1650","Aluminium Hydroxide + Magnesium Hydroxide + Simethicone","Tablet","200 mg + 200 mg + 30 mg","7","DC00189"
"1651","Carbamazepine","Tablet","200 mg","46","DC00160"
"1652","Isosorbide Mononitrate","Tablet","20 mg","40","DC00189"
"1653","Cloxacillin","Paediatric Drops","125 mg/1.25 ml","23","DC00111"
"1654","Aluminium Oxide + Magnesium Hydroxide + Simethicone","Suspension","200 mg + 400 mg + 30 mg/5 ml","7","DC00181"
"1655","Nicotinamide + Pyridoxine Hydrochloride + Riboflavin + Vitamin B1","Capsule","20 mg + 2 mg + 2 mg + 5 mg","78","DC00140"
"1656","Naproxen","Suppository","250 mg","64","DC00238"
"1657","Aluminium Hydroxide + Magnesium Hydroxide + Simethicone","Tablet","400 mg + 400 mg + 30 mg","7","DC00150"
"1658","Amoxicillin","Paediatric Drops","125 mg/1.25 ml","23","DC00150"
"1659","Erlotinib","Tablet","100 mg","10","DC00231"
"1660","Erlotinib","Tablet","150 mg","10","DC00231"
"1661","Gabapentin","Tablet","100 mg","46","DC00238"
"1662","Rituximab","Injection","10 mg/ml","10","DC00212"
"1663","Fluconazole","Raw Materials","100 %","34",""
"1664","Zinc","Syrup","4.05 mg/5 ml","62","DC00217"
"1665","Diazepam","Suppository","10 mg","57","DC00238"
"1666","Elemental Iron + Ferrous Fumarate","Tablet","200 mg + 200 mg","45",""
"1667","Azelaic Acid","Cream","20 gm/100 gm","71","DC00228"
"1668","Diazepam","Injection","10 mg/2 ml","57","DC00160"
"1669","Oxymetazoline Hydrochloride","Nasal Drops",".05 %","52","DC00238"
"1670","Ketorolac Tromethamine","Injection","30 mg/ml","64","DC00212"
"1671","Ferrous Sulphate + Folic Acid","Capsule","150 mg + 500 mcg","45","DC00238"
"1672","Ibuprofen","Tablet","200 mg","64","DC00150"
"1673","Repaglinide","Tablet","1 mg","15","DC00215"
"1674","Ketorolac Tromethamine","Tablet","10 mg","64","DC00212"
"1675","Mesalazine","Er Capsule","250 mg","64","DC00239"
"1676","Colchicine","Tablet",".5 mg","76","DC00240"
"1677","Colchicine","Tablet",".6 mg","76","DC00240"
"1678","Amlodipine + Valsartan","Tablet","10 mg + 320 mg","22","DC00238"
"1679","Nicorandil","Tablet","20 mg","40","DC00226"
"1680","Trimetazidine Dihydrochloride","Tablet","35 mg","40","DC00229"
"1681","Ascorbic Acid + Cod Liver Oil + Nicotinamide + Pyridoxine Hydrochloride + Riboflavin + Vitamin A + Vitamin B1 + Vitamin D3 + Vitamin E","Syrup","17.5 mg + 100 mg + 9 mg + .35 mg + .85 mg + 2000 IU + .7 mg + 200 IU + 1.5 mg/5 ml","78","DC00233"
"1682","Cod Liver Oil + Pantothenic acid + Vitamin B1 + Vitamin B2 + Vitamin B3 + Vitamin B6 + Vitamin C","Paediatric Drops","50 mg + 5 mg + 1.6 mg + 1 mg + 10 mg + 1 mg + 50 mg/ml","78","DC00238"
"1683","Misoprostol","Tablet","200 mcg","49","DC00210"
"1684","Valsartan","Tablet","80 mg","22","DC00224"
"1685","Clarithromycin","Tablet","500 mg","23","DC00215"
"1686","Ascorbic Acid + Elemental Iron + Folic Acid + Nicotinamide + Pyridoxine Hydrochloride + Riboflavin + Vitamin B1 + Zinc","Capsule","50 mg + 50 mg + 500 mcg + 10 mg + 1 mg + 2.2 mg + 2.2 mg + 22.5 mg","78","DC00229"
"1687","Vitamin C + Vitamin E","Capsule","250 mg + 200 mg","78","DC00230"
"1688","Triamcinolone Acetonide","Injection","40 mg/ml","72","DC00142"
"1689","Mannitol","IV Infusion","20 gm/100 ml","42","DC00105"
"1690","Lidocaine Hydrochloride + Oxytetracycline","Injection","2 gm + 10 gm/100 ml","77","DC00238"
"1691","Clobazam","Tablet","10 mg","46","DC00152"
"1692","Miconazole Nitrate","Tablet","10 mg","20","DC00235"
"1693","Ascorbic Acid + Dexpanthanol + Nicotinamide + Pyridoxine Hydrochloride + Riboflavin + Sodium Acetate + Thiamine Hydrochloride + Vitamin A + Vitamin D + Vitamin E","Syrup","250 mg + 24.906 mg + 100 mg + 7 mg + 8 mg + 280 mg + 6 mg + 13332 IU + 2800 IU + 40 IU/100 ml","78","DC00233"
"1694","Amoxicillin","Powder","100 gm/100 gm","77","DC00207"
"1695","Montelukast","Sachet","4 mg","44","DC00232"
"1696","Midazolam","Injection","1 mg/ml","57","DC00210"
"1697","Sodium Valproate","Tablet","150 mg","46","DC00210"
"1698","Ramipril","Capsule","10 mg","22","DC00189"
"1699","Loratadine + Pseudoephedrine Hydrochloride","Tablet","10 mg + 240 mg","21","DC00228"
"1700","Amoxicillin + Clavulanic Acid","Powder For Suspension","250 mg + 31.25 mg/5 ml","23","DC00238"
"1701","Sulphadimidine","Bolus","5 gm","77","DC00238"
"1702","Calcitriol","Injection","1 mcg/ml","78","DC00211"
"1703","Ferrous Sulphate + Folic Acid + Nicotinamide + Pyridoxine Hydrochloride + Riboflavin + Vitamin B1","Pellets","348.854 gm + 1.292 gm + 23.253 gm + 2.32 gm + 4.647 gm + 4.647 gm/KG","34",""
"1704","Anhydros Citricacid + Anhydrous Glucose + Potassium Chloride + Sodium Bicarbonate + Sodium Chloride","Tablet","384 mg + 1.62 gm + 186 mg + 336 mg + 117 mg","79","DC00223"
"1705","Nitrofurantoin","Tablet","100 mg","23","DC00238"
"1706","Dexamethasone Sodium Phosphate","Injection","2 mg/ml","77","DC00238"
"1707","Paricalcitol","Capsule","2 mcg","74","DC00239"
"1708","Salbutamol","Nebuliser Solution","2.5 mg/2.5 ml","44","DC00240"
"1709","Cisplatin","Injection","50 mg/vial","10","DC00179"
"1710","Hydroxyzine Hydrochloride","Suspension","10 mg/5 ml","21","DC00223"
"1711","Potassium Citrate","Tablet","540 mg","62","DC00234"
"1712","Ethinylestradiol + Etonogestrel","Vaginal Ring","2.7 mg + 11.7 mg","39","DC00226"
"1713","Lopinavir + Ritonavir","Capsule","133.3 mg + 33.3 mg","32","DC00226"
"1714","Glipizide + Metformin Hydrochloride","Tablet","2.5 mg + 500 mg","15","DC00230"
"1715","Amlodipine + Benazepril Hydrochloride","Capsule","5 mg + 10 mg","22","DC00231"
"1716","Ascorbic Acid + Elemental Iron + Folic Acid + Nicotinamide + Pyridoxine Hydrochloride + Riboflavin + Vitamin B1 + Zinc","Capsule","50 mg + 47 mg + 500 mcg + 10 mg + 1 mg + 2 mg + 2 mg + 22.5 mg","78","DC00228"
"1717","Levosalbutamol","Tablet","2 mg","44","DC00233"
"1718","Cyanocobalamin + Folic Acid + Pyridoxine Hydrochloride","Tablet","2 mg + 2.5 mg + 25 mg","45","DC00230"
"1719","Meclizine Hydrochloride + Pyridoxine Hydrochloride","Tablet","25 mg + 50 mg","18","DC00234"
"1720","Pyrazinamide","Tablet","150 mg","30",""
"1721","Tenoxicam","Tablet","20 mg","64","DC00211"
"1722","Galantamine","Tablet","8 mg","37","DC00237"
"1723","Morphine Sulphate","Cr Tablet","10 mg","10","DC00227"
"1724","Budesonide","Nebuliser Solution","1 mg/2 ml","44","DC00238"
"1725","Paracetamol","IV Infusion","1 gm/100 ml","6","DC00240"
"1726","Lopinavir + Ritonavir","Oral Solution","80 mg + 20 mg/ml","32","DC00226"
"1727","Timolol Maleate","Eye Gel","1 mg/ml","52","DC00226"
"1728","Neomycin + Polymixin B Sulphate + Prednisolone","Eye Drops","350 mg + 1 gm + 500 mg/100 ml","","DC00234"
"1729","Cyclophosphamide","Tablet","50 mg","10","DC00162"
"1730","Boric Acid + Calcium Gluconate + Dextrose Anhydrous + Magnesium Hypophosphite","Injection","42 mg + 208 mg + 22 mg + 50 mg","77","DC00238"
"1731","Irbesartan","Tablet","75 mg","22","DC00221"
"1732","Pentazocine Hydrochloride","Tablet","25 mg","65","DC00160"
"1733","Tamoxifen","Tablet","20 mg","10","DC00158"
"1734","Water For Injection","Injection","1 ml","79","DC00149"
"1735","Sulphaquinoxaline","Powder","25 gm/100 gm","77","DC00238"
"1736","Tropicamide","Eye Drops","500 mg/100 ml","52","DC00101"
"1737","Benzyl Benzoate","Solution","1.25 gm/5 ml","71","DC00142"
"1738","Cephalexin","Oral Powder","7.5 gm/100 gm","77","DC00238"
"1739","Buparvaquone","Injection","50 mg/ml","77","DC00194"
"1740","Tolfenamic Acid","Tablet","200 mg","47","DC00234"
"1741","Elemental Iron + Nicotinamide + Pyridoxine Hydrochloride + Riboflavin + Vitamin B1 + Zinc","Syrup","50 mg + 20 mg + 2 mg + 2 mg + 5 mg + 10 mg/5 ml","78","DC00230"
"1742","Ephedrine Hydrochloride","Nasal Drops","500 mg/100 ml","50","DC00160"
"1743","Niacin","Tablet","500 mg","78","DC00231"
"1744","Halazone","Tablet","7.5 mg","75","DC00160"
"1745","Desonide","Gel",".05 gm/100 gm","71","DC00237"
"1746","Budesonide + Formoterol Fumarate","Inhalation Aerosol","160 mcg + 4.5 mcg/Puff","44","DC00238"
"1747","Beclomethasone Dipropionate","Inhalation Solution","50 mcg/Puff","44",""
"1748","Darifenacin","Pr Tablet","7.5 mg","49","DC00237"
"1749","Prochlorperazine Mesilate","Syrup","5 mg/5 ml","18","DC00238"
"1750","Povidone Iodine","Ointment",".6 gm/100 gm","71","DC00203"
"1751","Paracetamol","Er Tablet","665 mg","6","DC00238"
"1752","Enoxaprin","Injection","100 mg/ml","12","DC00211"
"1753","Ondansetron","Tablet","4 mg","18","DC00232"
"1754","Nandrolone","Injection","50 mg/ml","48","DC00238"
"1755","Ethambutol + Isoniazid + Pyrazinamide + Rifampicin","Tablet","275 mg + 75 mg + 400 mg + 150 mg","30","DC00216"
"1756","Isoniazid + Pyrazinamide + Rifampicin","Tablet","75 mg + 400 mg + 150 mg","30","DC00216"
"1757","Adenosine + Cytochrome C + Nicotinamide + Sodium Succinate","Eye Drops","200 mg + 50 mg + 2 gm + 100 mg/100 ml","52","DC00208"
"1758","Vitamin A","Tablet","50000 IU","78","DC00163"
"1759","Sulfadoxine + Trimethoprim","Tablet","500 mg + 25 mg","23",""
"1760","Mebendazole","Tablet","500 mg","8","DC00150"
"1761","Levothyroxine Sodium","Tablet","25 mcg","74","DC00237"
"1762","Urokinase","Injection","500000 IU/10 ml","12","DC00190"
"1763","Flumazenil","Injection","1 mg/10 ml","17","DC00226"
"1764","Doxycycline","Powder for Solution","5 gm/100 ml","77","DC00206"
"1765","Filgrastim","Injection","30 MIU/.5 ml","45","DC00238"
"1766","Doxycycline + Oxytetracycline","Powder","10 gm + 20 gm/100 gm","77","DC00238"
"1767","Carboplatin","Injection","450 mg/45 ml","10","DC00215"
"1768","Fentanyl","Tablet","100 mcg","65","DC00238"
"1769","Poly Ethylene Glycol 3350","Powder","17 gm","60","DC00226"
"1770","Clarithromycin","Powder For Suspension","125 mg/5 ml","23","DC00215"
"1771","Clindamycin","Lotion","10 mg/ml","23","DC00226"
"1772","Clomiphene Citrate","Tablet","50 mg","53","DC00160"
"1773","Cyanocobalamin + Elemental Iron + Folic Acid","Capsule","25 mg + 100 mg + 1 mg","45","DC00230"
"1774","Oxytetracycline","Powder","50 gm/100 gm","77","DC00238"
"1775","Pancuronium Bromide","Injection","4 mg/2 ml","63","DC00160"
"1776","Omeprazole","Capsule","20 mg","67","DC00189"
"1777","Prochlorperazine Maleate","Tablet","5 mg","18","DC00160"
"1778","Vitamin E","Powder","2 gm/20 gm","77","DC00220"
"1779","Enrofloxacin","Solution","100 mg/ml","77","DC00211"
"1780","Ambroxol","Syrup","15 mg/5 ml","31","DC00228"
"1781","Vitamin E","Tablet","200 mg","78","DC00163"
"1782","Folinic Acid","IV Infusion","3 mg/ml","10","DC00227"
"1783","Folinic Acid","IV Infusion","10 mg/ml","10","DC00227"
"1784","Clarithromycin","IV Injection","500 mg","23","DC00215"
"1785","Methyl Prednisolone Acetate","Injection","40 mg/ml","72","DC00238"
"1786","Methyl Prednisolone Acetate","Injection","80 mg/ml","72","DC00238"
"1787","Vecuronium Bromide","Injection","10 mg/ml","63","DC00190"
"1788","Tramadol Hydrochloride","Suppository","100 mg","65","DC00210"
"1789","Tramadol Hydrochloride","Tablet","100 mg","65","DC00210"
"1790","Lamivudine","Syrup","50 mg/5 ml","32","DC00231"
"1791","Ketorolac Tromethamine","Injection","60 mg/2 ml","64","DC00238"
"1792","Erythromycin","Tablet","250 mg","23","DC00146"
"1793","Simvastatin","Tablet","10 mg","61","DC00212"
"1794","Carvedilol","Tablet","6.25 mg","22","DC00216"
"1795","Cefdinir","Capsule","300 mg","23","DC00228"
"1796","Pramipexol","Tablet","750 mcg","","DC00237"
"1797","Pramipexol","Tablet","180 mcg","25","DC00237"
"1798","Acyclovir","Injection","250 mg/vial","32","DC00238"
"1799","Frusemide","Tablet","250 mg","42","DC00226"
"1800","Benzyl Benzoate","Emulsion","1.25 gm/5 ml","71","DC00146"
"1801","Chlorpromazine Hydrochloride","Syrup","25 mg/5 ml","18","DC00146"
"1802","Griseofulvin","Suspension","125 mg/5 ml","20","DC00149"
"1803","Chloroquine Phosphate","Syrup","80 mg/5 ml","24",""
"1804","Piroxicam","Capsule","10 mg","64","DC00160"
"1805","Dicloxacillin","Capsule","125 mg","23","DC00210"
"1806","Dicloxacillin","Powder For Suspension","125 mg/5 ml","23","DC00210"
"1807","Dicloxacillin","Capsule","250 mg","23","DC00208"
"1808","Cefdinir","Powder For Suspension","125 mg/5 ml","23","DC00228"
"1809","Promethazine Hydrochloride","Syrup","5 mg/5 ml","21","DC00146"
"1810","Albendazole","Tablet","200 mg","8","DC00238"
"1811","Lisinopril","Tablet","10 mg","22","DC00238"
"1812","Flucloxacillin","Powder For Suspension","250 mg/5 ml","23","DC00226"
"1813","Amlodipine + Olmesartan Medoxomil","Tablet","5 mg + 20 mg","22","DC00238"
"1814","Hydrochlorothiazide + Olmesartan Medoxomil","Tablet","12.5 mg + 20 mg","22","DC00238"
"1815","Liquid Paraffin + Magnesium Hydroxide Dried Gel, 96%","Suspension","30 ml + 5 gm/120 ml","60",""
"1816","Povidone Iodine","Ointment","5 gm/100 gm","71","DC00203"
"1817","Carbamazepine","Tablet","100 mg","46","DC00164"
"1818","Metformin","Tablet","1 gm","15","DC00232"
"1819","Cyclosporine","Eye Drops","50 mg/100 ml","52","DC00233"
"1820","Carbocisteine","Syrup","125 mg/5 ml","31","DC00223"
"1821","Propantheline Bromide","Tablet","15 mg","11","DC00157"
"1822","Pyridoxine Hydrochloride","Tablet","25 mg","78","DC00100"
"1823","Piroxicam","Injection","40 mg/2 ml","64","DC00191"
"1824","Betacarotene + Vitamin C + Vitamin E","Tablet","6 mg + 200 mg + 50 mg","78","DC00209"
"1825","Biotin + Choline Chloride + Cobalt + Copper + Cyanocobalamin + DL-Methionine + Elemental Iron + Folic Acid + Iodine + Manganese + Nicotinamide + Pantothenic acid + Pyridoxine Hydrochloride + Riboflavin + Selenium + Tetracycline Hydrochloride + Vitamin A + Vitamin B1 + Vitamin D + Vitamin E + Vitamin K + Zinc","Powder","80 mcg + 5 mg + 200 mcg + 5 mg + 5 mcg + 30 mg + 25 mg + 450 mcg + 250 mcg + 250 mcg + 18 mg + 6 mg + 2 mg + 2 mg + 50 mg + 2.5 mg + 5000 IU + 1 mg + 1000 IU + 10 IU + 1.5 mg + 20 mg","77","DC00238"
"1826","Fexofenadine Hydrochloride","Tablet","30 mg","21","DC00223"
"1827","Zafirlukast","Tablet","20 mg","44","DC00215"
"1828","Methotrexate","Injection","50 mg/vial","10",""
"1829","Pantothenic acid + Pyridoxine Hydrochloride + Riboflavin + Vitamin A + Vitamin B1 + Vitamin C + Vitamin D","Paediatric Drops","500 mg + 100 mg + 100 mg + 5 Lac IU + 160 mg + 5 gm + 1 gm/100 ml","78","DC00238"
"1830","Oxaprozin","Tablet","600 mg","64","DC00231"
"1831","Epoetin Alfa","Injection","3000 IU/.75 ml","","DC00207"
"1832","Epoetin Alfa","Injection","2000 IU/.5 ml","","DC00207"
"1833","Epoetin Alfa","Injection","5000 IU/.5 ml","","DC00207"
"1834","Enoxaprin","Injection","20 mg/.2 ml","12","DC00210"
"1835","Buprenorphine","Tablet","200 mcg","65","DC00231"
"1836","Rifampicin","Syrup","100 mg/5 ml","30","DC00146"
"1837","Metformin Hydrochloride + Rosiglitazone","Tablet","1 gm + 4 mg","15","DC00234"
"1838","Sildenafil","Tablet","40 mg","",""
"1839","Zinc","Bolus","200 mg","77","DC00240"
"1840","Meloxicam","Bolus","100 mg","77","DC00240"
"1841","Amoxicillin Trihydrate + Colistin Sulphate","Powder","15 gm + 1200 Lac IU/100 gm","77","DC00240"
"1842","Caffeine + Paracetamol","Tablet","65 mg + 500 mg","6","DC00231"
"1843","Chlorpheniramine Maleate","Syrup","2 mg/5 ml","21","DC00146"
"1844","Cefepime","IV/IM Injection","500 mg/vial","23","DC00226"
"1845","Sodium Diacetate","Powder","100 %","77","DC00238"
"1846","Phytomenadione","Injection","2 mg","","DC00207"
"1847","Esomeprazole","Capsule","40 mg","67","DC00238"
"1848","Artesunate","Tablet","50 mg","24","DC00230"
"1849","Vitamin A + Vitamin D3 + Vitamin E","Liquid","4 gm + 50 mg + 2 gm","77",""
"1850","Oxytetracycline","Bolus","500 mg","77","DC00127"
"1851","Benzyl Penicillin + Procaine Penicillin","Injection","10 Lac IU + 30 Lac IU","77","DC00238"
"1852","Loperamide","Capsule","2 mg","16","DC00160"
"1853","Leflunomide","Tablet","100 mg","64","DC00221"
"1854","Zolpidem Tartrate","Tablet","10 mg","57","DC00228"
"1855","Isoniazid + Rifampicin","Capsule","150 mg + 300 mg","30","DC00140"
"1856","Oxytetracycline","Spray","2.5 gm/100 ml","77","DC00238"
"1857","Ketoprofen","Suppository","100 mg","64","DC00209"
"1858","Lamivudine","Tablet","100 mg","32","DC00216"
"1859","Bisoprolol Hemifumarate","Tablet","5 mg","22","DC00232"
"1860","Fluconazole","Capsule","150 mg","20","DC00209"
"1861","Leflunomide","Tablet","20 mg","64","DC00221"
"1862","Calcium Chloride Dihydrate + Dextrose Anhydrous + Potassium Chloride + Sodium Chloride + Sodium Lactate","IV Infusion",".027 gm + 20 gm + .04 gm + .6 gm + .312 gm/100 ml","77","DC00238"
"1863","Ceftriaxone","IV Injection","500 mg","23","DC00169"
"1864","Mebhydrolin","Tablet","50 mg","21","DC00171"
"1865","Ipratropium Bromide","Inhalation Capsule","400 mcg","44",""
"1866","Diphenhydramine Hydrochloride","Syrup","10 mg/5 ml","21","DC00126"
"1867","Fluticasone Propionate + Salmeterol","Inhalation Capsule","100 mcg + 50 mcg","44","DC00216"
"1868","Colistin Sulphate + Trimethoprim","Sachet","12000 IU + 2 mg","77","DC00238"
"1869","Fluticasone Propionate + Salmeterol","Inhalation Capsule","250 mcg + 50 mcg","44","DC00215"
"1870","Pioglitazone","Tablet","15 mg","15","DC00218"
"1871","Diclofenac Sodium","Capsule","100 mg","64","DC00207"
"1872","Ceftriaxone","IV Injection","250 mg","23","DC00169"
"1873","Lansoprazole","Capsule","15 mg","67","DC00215"
"1874","Clobetasol Propionate + Salicylic Acid","Ointment",".05 gm + 3 gm/100 gm","71","DC00237"
"1875","Oxaliplatin","Injection","50 mg/vial","10","DC00237"
"1876","Etoposide","Injection","100 mg/5 ml","10","DC00238"
"1877","Levamisole + Triclabendazole","Bolus","600 mg + 900 mg","77","DC00213"
"1878","Dexamethasone Sodium Phosphate","Injection","4 mg/ml","72",""
"1879","Paracetamol","Xr Tablet","665 mg","6","DC00238"
"1880","Cyclophosphamide","Injection","1000 mg/vial","10","DC00238"
"1881","Cloxacillin","Injection","500 mg/vial","23","DC00160"
"1882","Cloxacillin","Injection","250 mg/vial","23","DC00125"
"1883","Bromhexine Hydrochloride","Syrup","4 mg/5 ml","31","DC00215"
"1884","Sodium Cromoglycate","Eye Drops","20 mg/ml","50","DC00160"
"1885","Ciprofloxacin","Pellets For Suspension","250 mg/5 ml","23","DC00230"
"1886","Atorvastatin","Tablet","40 mg","61","DC00238"
"1887","Amlodipine + Atorvastatin","Tablet","5 mg + 10 mg","22","DC00238"
"1888","Ibandronic Acid","Tablet","150 mg","48","DC00233"
"1889","Benzoyl Peroxide","Lotion","4 gm/100 gm","71","DC00226"
"1890","Flavoxate Hydrochloride","Tablet","100 mg","11","DC00234"
"1891","Flavoxate Hydrochloride","Tablet","200 mg","11","DC00235"
"1892","Elemental Iron + Folic Acid","Pellets","156.923 gm + 1.538 gm/KG","34",""
"1893","Cyclopentolate Hydrochloride","Eye Drops","10 mg/ml","52","DC00238"
"1894","Domperidone","Dispersible Tablet","10 mg","18","DC00232"
"1895","Ipratropium Bromide","Solution","250 mcg/ml","44","DC00221"
"1896","Flumequine","Solution","12 gm/100 ml","77","DC00238"
"1897","Ursodeoxycholic Acid","Tablet","150 mg","75","DC00229"
"1898","Cobalt + Copper + Cyanocobalamin + Iron + Zinc","Solution","10 mg + 20 mg + 10 mg + 50 mg + 20 mg/100 ml","77","DC00238"
"1899","Clotrimazole","Vaginal Suppository","200 mg","20","DC00234"
"1900","Folic Acid + Zinc","Raw Materials","1.111 gm + 137.333 gm/KG","34",""
"1901","Fluphenazine Hydrochloride","Injection","25 mg/ml","",""
"1902","Miconazole","Oral Gel","20 mg/gm","73","DC00189"
"1903","Hydrocortisone + Miconazole Nitrate","Cream","1 gm + 2 gm/100 gm","71","DC00189"
"1904","Hydrocortisone + Miconazole Nitrate","Ointment","1 gm + 2 gm/100 gm","71","DC00189"
"1905","Ascorbic Acid + Ferrous Sulphate + Folic Acid + Nicotinamide + Pyridoxine Hydrochloride + Riboflavin + Vitamin B1 + Zinc Sulphate Monohydrate","Pellets","9 % + 27 % + .09 % + 2.325 % + .18 % + .36 % + .36 % + 11.124 %","78",""
"1906","Lomefloxacin","Eye Drops","3 mg/ml","52","DC00209"
"1907","Hydrochlorothiazide + Losartan Potassium","Tablet","12.5 mg + 50 mg","22","DC00228"
"1908","Diclofenac Sodium","Eye Drops","1 mg/ml","52","DC00189"
"1909","Neomycin Sulphate + Procaine Penicillin","Ointment","300 mg + 500 mg/6 gm","77","DC00238"
"1910","Epirubicin Hydrochloride","Injection","50 mg/250 ml","10","DC00238"
"1911","Fluticasone Furoate","Nasal Spray","27.5 mcg/Spray","50","DC00238"
"1912","Cefpodoxime + Clavulanic Acid","Tablet","100 mg + 62.5 mg","23","DC00241"
"1913","Cefuroxime + Clavulanic Acid","Tablet","500 mg + 125 mg","23","DC00241"
"1914","Cefuroxime + Clavulanic Acid","Tablet","250 mg + 62.5 mg","23","DC00241"
"1915","Cefuroxime + Clavulanic Acid","Tablet","125 mg + 31.25 mg","23","DC00241"
"1916","Cefuroxime + Clavulanic Acid","Powder For Suspension","125 mg + 31.25 mg/5 ml","23","DC00241"
"1917","Almotriptan","Tablet","6.25 mg","47","DC00241"
"1918","Linagliptin","Tablet","5 mg","15","DC00241"
"1919","Bimatoprost","Eye Drops",".03 gm/100 ml","52","DC00240"
"1920","Cabergoline","Tablet","500 mcg","49","DC00230"
"1921","Salicylic Acid","Gel","500 mg/100 gm","71","DC00241"
"1922","Menthol + Pramoxine Hydrochloride","Cream","1 gm + 1 gm/100 gm","71","DC00241"
"1923","Dexlansoprazole","Capsule","30 mg","67","DC00238"
"1924","Dexlansoprazole","Capsule","60 mg","67","DC00238"
"1925","Saxagliptin","Tablet","2.5 mg","15","DC00239"
"1926","Saxagliptin","Tablet","5 mg","15","DC00239"
"1927","Trastuzumab","Injection","440 mg","10","DC00239"
"1928","Sulfasalazine","Suppository","500 mg","64","DC00241"
"1929","Ambrisentan","Tablet","5 mg","22","DC00240"
"1930","Ambrisentan","Tablet","10 mg","22","DC00240"
"1931","Elemental Iron + Folic Acid + Zinc Sulphate Monohydrate","Tablet","48 mg + 500 mcg + 61.8 mg","45","DC00210"
"1932","Butamirate Citrate","Syrup","150 mg/100 ml","31","DC00241"
"1933","Butamirate Citrate","Oral Drops","500 mg/100 ml","31","DC00241"
"1934","Rocuronium Bromide","IV Injection","1 gm/100 ml","63","DC00208"
"1935","Cilastatin + Imipenem","Injection","750 mg + 750 mg/vial","23","DC00241"
"1936","Cilastatin + Imipenem","Injection","250 mg + 250 mg/vial","23","DC00241"
"1937","Pegfilgrastim","Injection","6 mg/.6 ml","45","DC00241"
"1938","Neomycin Sulphate","Powder","50 gm/100 gm","77","DC00234"
"1939","Colistin Sulphate","Powder","5 gm/100 gm","77","DC00232"
"1940","Toltrazuril","Solution","2.5 gm/100 ml","77","DC00237"
"1941","Bevacizumab","Injection","100 mg/4 ml","10","DC00230"
"1942","Bevacizumab","Injection","400 mg/16 ml","10","DC00230"
"1943","Mesalazine","Powder","500 mg","64","DC00241"
"1944","Salicylic Acid","Cream","25 gm/100 gm","71","DC00241"
"1945","Lacosamide","Tablet","50 mg","13","DC00240"
"1946","Lacosamide","Tablet","100 mg","13","DC00240"
"1947","Meloxicam + Paracetamol","Injection","100 mg + 750 mg/5 ml","77","DC00240"
"1948","Meloxicam + Paracetamol","Injection","200 mg + 1.5 gm/10 ml","77","DC00240"
"1949","Benzathine Penicillin G + Dihydrostreptomycin + Procain Penicillin G","Injection","1 Lac IU + 200 mg + 1.5 Lac IU/ml","77","DC00229"
"1950","Benzathine Penicillin G + Dihydrostreptomycin + Procain Penicillin G","Injection","10 Lac IU + 2 gm + 15 Lac IU/10 ml","77","DC00229"
"1951","Benzathine Penicillin G + Dihydrostreptomycin + Procain Penicillin G","Injection","50 Lac IU + 10 gm + 75 Lac IU/50 ml","77","DC00229"
"1952","Meloxicam","Injection","150 mg/30 ml","77","DC00240"
"1953","Diclofenac Sodium + Lidocaine Hydrochloride","Injection","250 mg + 200 mcg/10 ml","77",""
"1954","Albendazole","Dispersible Tablet","400 mg","8","DC00233"
"1955","Rivaroxaban","Tablet","15 mg","12","DC00241"
"1956","Rivaroxaban","Tablet","20 mg","12","DC00241"
"1957","Eslicarbazepine Acetate","Tablet","400 mg","46","DC00241"
"1958","Cefquinome","Injection","2.5 gm/100 ml","77","DC00241"
"1959","Lidocaine Hydrochloride","Injection","100 mg/5 ml","5","DC00162"
"1960","Aprepitant","Capsule","40 mg","18","DC00241"
"1961","Ascorbic Acid + Betaine + Calcium Chloride Dihydrate + Magnessium Chloride + Potassium Chloride + Sodium Chloride","Solution","9 gm + 25 gm + 4 gm + .4 gm + .2 gm + 2 gm/100 ml","77","DC00240"
"1962","Cyanocobalamin + Iron (Iii) Hydroxide Dextran Complex","Injection","20 mg + 20 gm/100 ml","77","DC00240"
"1963","Iron (Iii) Hydroxide Dextran Complex","Injection","20 gm/100 ml","77","DC00240"
"1964","Diminazine Aceturate + Phenazone","Injection","7 gm + 37.5 gm/100 ml","77","DC00240"
"1965","Amoxicillin + Clavulanic Acid","Injection","140 mg + 35 mg/ml","77","DC00240"
"1966","Azithromycin","Powder","10 gm/100 gm","77","DC00241"
"1967","Bromfenac","Eye Drops","90 mg/100 ml","52","DC00234"
"1968","Bromfenac","Eye Drops","90 mg","52","DC00234"
"1969","Anhydrous Benzoyl Peroxide + Clindamycin","Gel","5 gm + 1 gm/100 gm","71","DC00241"
"1970","Carbidopa + Levodopa","Cr Tablet","50 mg + 200 mg","25","DC00240"
"1971","Topiramate","Sprinkle Capsule","25 mg","46","DC00240"
"1972","Sevelamer (As Carbonate)","Tablet","800 mg","75","DC00240"
"1973","Sevelamer (As Carbonate)","Powder For Suspension","800 mg","75","DC00240"
"1974","Carboxymethylcellulose Sodium + Hypromellose","Eye Drops","250 mg + 300 mg/100 ml","52","DC00241"
"1975","Morphine Sulphate","Tablet","10 mg","65","DC00227"
"1976","Morphine Sulphate","Tablet","30 mg","65","DC00227"
"1977","Ethinylestradiol + Lynestrenol","Tablet","37.5 mcg + 750 mcg","39","DC00238"
"1978","Ascorbic Acid + Biotin + Cyanocobalamin + Folic Acid + Nicotinamide + Pantothenic acid + Pyridoxine Hydrochloride + Riboflavin + Vitamin B1","Powder","5 mg + 15 mcg + 100 mcg + 250 mcg + 7.5 mg + 4.5 mg + 1.5 mg + 4 mg + 2 mg/gm","77","DC00238"
"1979","Ziprasidone","Capsule","40 mg","28","DC00228"
"1980","Calcium Chloride + Dextrose Anhydrous + Magnessium Chloride + Potassium Chloride + Sodium Acetate + Sodium Chloride","Dialysis Solution","9 mg + 70 mg + 1.189 mg + 594.57 mg + .03 mg + 5.94 mg/100 ml","59","DC00238"
"1981","Calcium Chloride + Potassium Chloride + Sodium Chloride","IV Infusion","33 mg + 30 mg + 860 mg/100 ml","79","DC00238"
"1982","Potassium Chloride + Sodium Chloride + Sodium Lactate","IV Infusion","2.7 mg + 4 mg + 7.3382 mg/100 ml","79","DC00238"
"1983","Gentamicin","Ointment","100 mg/100 gm","71","DC00238"
"1984","Omeprazole","Sached Powder","20 mg","67","DC00232"
"1985","Prednisolone","Tablet","1 mg","72","DC00223"
"1986","Isoniazid + Pyrazinamide + Rifampicin","Tablet","300 mg + 500 mg + 450 mg","30","DC00209"
"1987","Sodium Bicarbonate","Tablet","600 mg","79","DC00238"
"1988","Pyrimethamine + Sulfaquinoxaline Sodium","Oral Solution","12 gm + 40 gm/1000 ml","77","DC00226"
"1989","Peppermint Oil","Capsule",".2 ml","75","DC00235"
"1990","Pregabalin","Capsule","100 mg","46","DC00231"
"1991","Benzyl Penicillin + Procaine Penicillin","Injection","2 Lac IU + 6 Lac IU","23","DC00177"
"1992","Propranolol Hydrochloride","Injection","1 mg/ml","23","DC00160"
"1993","Vitamin C","Tablet","1 gm","78","DC00230"
"1994","Tolperisone Hydrochloride","Injection","100 mg/ml","70","DC00105"
"1995","Torasemide","Tablet","10 mg","42","DC00224"
"1996","Torasemide","Tablet","20 mg","42","DC00224"
"1997","Vitamin C","Tablet","500 mg","78","DC00231"
"1998","Phenytoin Sodium","Capsule","50 mg","46",""
"1999","Atracurium Besylate","Injection","25 mg","63","DC00238"
"2000","Anhydrous Glucose + Potassium Chloride + Sodium Chloride + Trisodium Citrate","Oral Saline","6.75 gm + 750 mg + 1.3 gm + 1.45 gm","79","DC00226"
"2001","Lactitol","Syrup","66.67 gm/100 ml","60","DC00226"
"2002","Fenofibrate","Capsule","67 mg","61","DC00226"
"2003","Primaquine","Tablet","7.5 mg","24",""
"2004","Esomeprazole","Pellets","75 gm/ KG","34",""
"2005","Sodium Carbonate","Solution","4 gm/100 ml","77","DC00238"
"2006","Iron Sucrose (Iron (Iii) Hydroxide Sucrose Complex)","Injection","100 mg/ml","45","DC00232"
"2007","Nalbuphine Hydrochloride","Injection","10 mg/ml","65","DC00230"
"2008","Ascorbic Acid + Chromium + Copper + Elemental Iron + Folic Acid + Inositol + Iodine + Manganese + Molybdenum + Niacin + Pantothenic acid + Pyridoxine Hydrochloride + Quercetin + Riboflavin + Selenium + Vitamin A + Vitamin B1 + Vitamin E + Vitamin K + Zinc","Tablet","120 mg + 25 mg + 2 mg + 30 mg + 800 mcg + 50 mg + 175 mcg + 1.2 mcg + 25 mcg + 40 mg + 20 mg + 10 mg + 54 mcg + 3.4 mg + 12.5 mcg + 2700 IU + 3.4 mg + 30 IU + 65 mcg + 25 mg","78","DC00227"
"2009","Isoniazid","Tablet","300 mg","30","DC00124"
"2010","Mefenamic Acid","Tablet","250 mg","64","DC00238"
"2011","Calcium Carbonate + Calcium Lactate Gluconate + Vitamin C + Vitamin D","Tablet","327 mg + 1 gm + 500 mg + 400 IU","62","DC00228"
"2012","Ampicillin","Paediatric Drops","125 mg/1.25ml","23","DC00171"
"2013","Cimetidine","Tablet","400 mg","55","DC00152"
"2014","Empty Hard Gelatin Capsule","Raw Materials","1 Size","34",""
"2015","Megestrol Acetate","Tablet","160 mg","56","DC00228"
"2016","Succinylated Gelatin","IV Infusion","4 gm/100 ml","79","DC00228"
"2017","Timolol Maleate + Travoprost","Eye Drops","5 mg + .04 mg/ml","52","DC00237"
"2018","Interferon Alfa 2b","Injection","10 MIU","58","DC00193"
"2019","Ketoprofen","Tablet","200 mg","64","DC00232"
"2020","Permirolast Potassium","Eye & Nasal Drops","1 mg/ml","52","DC00231"
"2021","Brimonidine Tartrate + Tetryzoline Hydrochloride","Eye Drops","200 mg + 680 mg/100 ml","",""
"2022","Potassium Citrate","Tablet","1080 mg","62","DC00232"
"2023","Vitamin E","Soft Gelatin Capsule","400 mg","78","DC00189"
"2024","Tranexamic Acid","Injection","250 mg/5 ml","19","DC00203"
"2025","Dexamethasone","Ointment","4 gm/100 gm","",""
"2026","Amoxicillin","Tablet","875 mg","23","DC00231"
"2027","Empty Hard Gelatin Capsule","Raw Materials","2 Size","34",""
"2028","Empty Hard Gelatin Capsule","Raw Materials","3 Size","34",""
"2029","Morantel","Bolus","446 mg","77","DC00238"
"2030","Potassium Iodide","Raw Materials","100 %","34",""
"2031","Elemental Iron + Folic Acid","Tablet","60 mg + 400 mcg","45","DC00237"
"2032","Anhydrous Glucose + Potassium Chloride + Sodium Bicarbonate + Sodium Chloride","Oral Saline","10 gm + 750 mg + 1.25 gm + 1.75 gm","79","DC00161"
"2033","Galantamine","Er Capsule","24 mg","37","DC00237"
"2034","Galantamine","Er Capsule","16 mg","37","DC00237"
"2035","Levofloxacin","Powder for Solution","125 mg/5 ml","23","DC00230"
"2036","Water For Injection","Injection","3 ml","79","DC00149"
"2037","Urea","Cream","10 gm/100 gm","71","DC00224"
"2038","Bosentan","Tablet","125 mg","22","DC00240"
"2039","Proparacaine Hydrochloride","Eye Drops",".5 gm/100 ml","52","DC00240"
"2040","Meloxicam + Paracetamol","Injection","20 mg + 150 mg/ml","77","DC00240"
"2041","Fluorometholone Acetate","Eye Drops","100 mg/100 ml","52","DC00223"
"2042","Bepotastine Besilate","Eye Drops","1.5 gm/100 ml","52","DC00239"
"2043","Esomeprazole + Naproxen","Dr Tablet","20 mg + 500 mg","64","DC00240"
"2044","Esomeprazole + Naproxen","Dr Tablet","20 mg + 375 mg","64","DC00240"
"2045","Mometasone Furoate","Inhalation Capsule","220 mcg","44","DC00240"
"2046","Mometasone Furoate","Inhalation Capsule","110 mcg","44","DC00240"
"2047","Eptifibatide","Injection","75 mg/100 ml","26","DC00239"
"2048","Drospirenone + Ethinylestradiol","Tablet","3 mg + .03 mg","39","DC00240"
"2049","Ethinylestradiol + Gestodene","Tablet","30 mcg + 75 mcg","39","DC00240"
"2050","Desogestrel + Ethinylestradiol","Tablet",".15 mg + .02 mg","",""
"2051","Bromocriptine","Tablet","2.5 mg/5 ml","","DC00160"
"2052","Trustuzumab","Injection","440 mg/vial","10","DC00239"
"2053","Sunitinib","Capsule","50 mg","10","DC00238"
"2054","Sunitinib","Capsule","25 mg","10","DC00238"
"2055","Progesterone","Soft Gelatin Capsule","100 mg","56","DC00240"
"2056","Cefditoren","Tablet","400 mg","23","DC00240"
"2057","Cefditoren","Tablet","200 mg","23","DC00240"
"2058","Levetiracetam","Injection","500 mg/5 ml","46","DC00240"
"2059","Avobenzone + Oxybenzone + Padimate O + Titanium Dioxide","Lotion","2 gm + 3 gm + 8 gm + 2 gm/100 ml","71","DC00239"
"2060","Deferasirox","Tablet","100 mg","45","DC00237"
"2061","Deferasirox","Tablet","400 mg","45","DC00237"
"2062","Pancuronium Bromide","Injection","2 mg/2 ml","63","DC00191"
"2063","Eletriptan","Tablet","40 mg","47","DC00237"
"2064","Niacin","Tablet","750 mg","78","DC00231"
"2065","Dextran 70 + Sodium Chloride","IV Infusion","6 gm + 900 mg/100 ml","79","DC00171"
"2066","Doripenem","Injection","500 mg/vial","23","DC00239"
"2067","Fenofibrate","Tablet","145 mg","61","DC00240"
"2068","Voriconazole","Powder For Suspension","4 gm/100 ml","20","DC00238"
"2069","Cholecalciferol (Vit. D3)","Tablet","400 IU","78","DC00240"
"2070","Deferasirox","Tablet","125 mg","45","DC00235"
"2071","Deferasirox","Dispersible Tablet","400 mg","45","DC00237"
"2072","Deferasirox","Dispersible Tablet","100 mg","45","DC00237"
"2073","Deferasirox","Tablet","250 mg","45","DC00235"
"2074","Roflumilast","Tablet","500 mcg","44","DC00240"
"2075","Agomelatine","Tablet","25 mg","14","DC00240"
"2076","Calcipotriol","Ointment",".005 gm/100 gm","71","DC00225"
"2077","Moxonidine","Tablet",".3 mg","22","DC00240"
"2078","Besifloxacin","Eye Drops",".6 gm/100 ml","52","DC00239"
"2079","Moxonidine","Tablet",".2 mg","22","DC00240"
"2080","Moxonidine","Tablet",".4 mg","22","DC00240"
"2081","Cholecalciferol (Vit. D3)","Tablet","1000 IU","78","DC00240"
"2082","Palonosetron","Tablet",".5 mg","18","DC00240"
"2083","Lubiprostone","Capsule","8 mcg","60","DC00240"
"2084","Salmon Calcitonin","Nasal Spray","2200 IU/ml","50","DC00226"
"2085","Deferasirox","Tablet","500 mg","45","DC00235"
"2086","Simethicone","Chewable Tablet","40 mg","7","DC00238"
"2087","Azithromycin","Powder","1 gm","23","DC00240"
"2088","Esomeprazole","Sachet","20 mg","67","DC00240"
"2089","Propofol","Injection","20 mg/ml","4","DC00226"
"2090","Propofol","Injection","10 mg/ml","4","DC00181"
"2091","Bumetanide","Injection","2 mg/4 ml","42","DC00239"
"2092","Hypromellose","Eye Gel",".3 gm/100 gm","52","DC00238"
"2093","Temozolomide Hydrochloride","Capsule","100 mg","10","DC00240"
"2094","Temozolomide Hydrochloride","Capsule","250 mg","10","DC00240"
"2095","Disodium Hydrogen Phosphate Dodecahydrate + Sodium Dihydrogen Phosphate Dihydrate","Oral Solution","24 gm + 54.22 gm/100 ml","73","DC00240"
"2096","Carbidopa + Entacapone + Levodopa","Tablet","37.5 mg + 200 mg + 150 mg","25","DC00240"
"2097","Carbidopa + Entacapone + Levodopa","Tablet","25 mg + 200 mg + 100 mg","25","DC00240"
"2098","Carbidopa + Entacapone + Levodopa","Tablet","12.5 mg + 200 mg + 50 mg","25","DC00240"
"2099","Calcitriol","Oral Solution","1 mcg/ml","78","DC00240"
"2100","Tapentadol","Tablet","50 mg","65","DC00239"
"2101","Tapentadol","Tablet","75 mg","65","DC00239"
"2102","Tapentadol","Tablet","100 mg","65","DC00239"
"2103","Amoxicillin + Cloxacillin","Injection","1.25 gm + 1.25 gm/vial","77","DC00240"
"2104","Ifosfamide","Injection","1 gm/vial","10","DC00239"
"2105","Ifosfamide","Injection","2 gm/vial","10","DC00239"
"2106","Meloxicam","Injection","50 mg/10 ml","77","DC00240"
"2107","Ascorbic Acid + Copper + Manganese + Selenium + Vitamin A + Vitamin E + Vitamin K + Zinc","Tablet","200 mg + 1 mg + 3 mg + 70 mcg + 2000 IU + 50 IU + 75 mcg + 15 mg","78","DC00226"
"2108","Dexamethasone","Eye and Ear Drops","1 mg/ml","52","DC00162"
"2109","Flunarizine","Tablet","5 mg","47","DC00220"
"2110","Chlorhexidine Gluconate","Solution","4 gm/100 ml","29","DC00174"
"2111","Chlorhexidine Gluconate","Cream","1 %","71","DC00149"
"2112","Duloxetine","Pellets","150 gm/ KG","14",""
"2113","Pyrimethamine + Sodium Salicylate + Sulphaquinoxaline + Vitamin A + Vitamin K","Liquid","1 gm + 5 gm + 5 gm + 1 gm + 20 mg/100 ml","78","DC00238"
"2114","Morantel Citrate + Oxyclozanide","Bolus","872 mg + 750 mg","77","DC00238"
"2115","Nitroxynil","Injection","34 gm/100 ml","77","DC00238"
"2116","Nicotinamide + Pyridoxine Hydrochloride + Riboflavin + Vitamin B1 + Zinc","Syrup","20 mg + 2 mg + 2 mg + 5 mg + 10 mg/5 ml","78","DC00231"
"2117","Methyl Prednisolone Sodium Succinate","Injection","1 gm/vial","72","DC00111"
"2118","Haloperidol","Tablet","2 mg","28","DC00238"
"2119","Tacrolimus","Ointment","100 mg/100 gm","71","DC00240"
"2120","Diclofenac + Lidocaine Hydrochloride","IM Injection","75 mg + 20 mg/2 ml","64","DC00207"
"2121","Vinpocetine","Tablet","5 mg","36","DC00162"
"2122","Simethicone","Paediatric Drops","67 mg/ml","7","DC00221"
"2123","Leflunomide","Tablet","10 mg","64","DC00221"
"2124","Almitrine Bismesylate + Raubasine","Tablet","30 mg + 10 mg","36","DC00238"
"2125","Etoricoxib","Tablet","90 mg","64","DC00229"
"2126","Miconazole","Cream","20 mg/gm","71","DC00142"
"2127","Elemental Iron + Folic Acid + Nicotinamide + Pyridoxine Hydrochloride + Riboflavin + Vitamin B1 + Zinc","Capsule","47 mg + 500 mcg + 20 mg + 2 mg + 2 mg + 5 mg + 22.5 mg","45","DC00230"
"2128","Estradiol","Vaginal Gel","60 mg/100 gm","56","DC00235"
"2129","Amikacin","Injection","500 mg/2 ml","23","DC00219"
"2130","Povidone","Eye Drops","5 gm/100 ml","52","DC00221"
"2131","Cyanocobalamin + Pyridoxine Hydrochloride + Vitamin B1","Injection","1 mg + 100 mg + 100 mg/3 ml","78","DC00230"
"2132","Sulindac","Tablet","100 mg","64","DC00232"
"2133","Propranolol Hydrochloride","Tablet","40 mg","23","DC00142"
"2134","Ciprofloxacin","Eye Ointment","300 mg/100 gm","52","DC00208"
"2135","Lidocaine Hydrochloride","Gel","20 mg/gm","71","DC00238"
"2136","Cefpodoxime","Paediatric Drops","20 mg/ml","23","DC00230"
"2137","Gemfibrozil","Capsule","300 mg","61","DC00238"
"2138","Albendazole","Tablet","400 mg","8","DC00200"
"2139","Amoxicillin","Capsule","250 mg","23","DC00146"
"2140","Ampicillin","Capsule","250 mg","23","DC00146"
"2141","Azelastin Hydrochloride","Nasal Spray","125 mcg/Metered Inhalation","",""
"2142","Capsaicin","Cream","25 mg/100 gm","71","DC00235"
"2143","Omeprazole","Sached Powder","40 mg","67","DC00232"
"2144","Omeprazole","Tablet","40 mg","67","DC00233"
"2145","Milnacipran Hydrochloride","Tablet","50 mg","14","DC00239"
"2146","Ganirelix","Solution For Injection","250 mcg/.5 ml","56","DC00227"
"2147","Insulin Glargin","Solution For Injection","100 IU/ml","15","DC00227"
"2148","Insulin Glargin","Optiset Solution","100 IU/ml","15","DC00227"
"2149","Elemental Iron + Folic Acid + Nicotinamide + Pyridoxine Hydrochloride + Riboflavin + Vitamin B1 + Vitamin C","Capsule","50 mg + 500 mcg + 1 mg + 10 mg + 2 mg + 2 mg + 50 mg","45","DC00228"
"2150","Sodium Dichloroisocyanurate","Tablet","51 mg","29","DC00230"
"2151","Atenolol + Nifedipine","Capsule","50 mg + 20 mg","22","DC00234"
"2152","Metformin Hydrochloride + Rosiglitazone","Tablet","500 mg + 4 mg","15","DC00234"
"2153","Calcium Chloride + Dextrose Anhydrous + Magnessium Chloride + Sodium Acetate + Sodium Chloride","Dialysis Solution","257 mg + 3.86 gm + 15.2 mg + 369 mg + 561 mg/100 ml","59","DC00171"
"2154","Benzocaine","Gel","200 mg","73","DC00226"
"2155","Gatifloxacin","Eye Drops",".3 gm/100 ml","23","DC00232"
"2156","Propranolol Hydrochloride","Raw Materials","320 gm/KG","34",""
"2157","Bupivacaine","Injection","5 mg/ ml","5","DC00160"
"2158","Enoxaprin","Injection","80 mg/ml","12","DC00211"
"2159","Tranexamic Acid","Tablet","250 mg","19","DC00238"
"2160","Butenafine","Cream","1 %","71","DC00230"
"2161","Miglitol","Tablet","50 mg","15","DC00237"
"2162","Paroxetine","Tablet","10 mg","14","DC00238"
"2163","Metoprolol Tartrate","Xr Tablet","50 mg","22","DC00230"
"2164","Metoprolol Tartrate","Xr Tablet","100 mg","22","DC00230"
"2165","Olmesartan Medoxomil","Tablet","40 mg","22","DC00233"
"2166","Diphenhydramine Hydrochloride + Zinc Acetate","Cream","20 mg + 1 mg/gm","71","DC00234"
"2167","Amlodipine + Benazepril Hydrochloride","Capsule","5 mg + 20 mg","22","DC00231"
"2168","Ivermectin","Tablet","6 mg","8","DC00232"
"2169","Lansoprazole","Pellets","170 gm/ KG","34",""
"2170","Lansoprazole","Pellets","85 gm/ KG","34",""
"2171","Acyclovir","Ointment","3 gm/100 gm","71","DC00160"
"2172","Flucloxacillin","Injection","500 mg/vial","23","DC00203"
"2173","Niacinamide + Pyridoxine Hydrochloride + Riboflavin + Vitamin B1 + Zinc","Syrup","20 mg + 2 mg + 2 mg + 5 mg + 10 mg/5 ml","78","DC00231"
"2174","Salicylic Acid","Ointment","10 gm/100 gm","",""
"2175","Dinoprostone","Injection","50 mg/10 ml","77","DC00193"
"2176","Trihexyphenidyl Hydrochloride","Tablet","2 mg","25","DC00240"
"2177","Trihexyphenidyl Hydrochloride","Tablet","5 mg","25","DC00240"
"2178","Acyclovir","Injection","500 mg/vial","32","DC00241"
"2179","Ivermectin","Lotion","500 mg/100 gm","71","DC00242"
"2180","Halcinonide","Cream","1 mg/gm","71","DC00162"
"2181","Potassium Chloride","Tablet","600 mg","62","DC00159"
"2182","Olopatadine","Eye Drops","1 mg/ml","52","DC00229"
"2183","Sodium Stibogluconate","IV/IM Injection","100 mg/ml","24","DC00162"
"2184","Erythromycin + Sulphadiazine + Trimethoprim","Powder","18 gm + 15 gm + 3 gm/100 gm","77","DC00238"
"2185","Levamisole + Oxyclozanide","Suspension","15 mg + 30 mg/ml","77","DC00238"
"2186","Betamethasone","Tablet","500 mcg","72","DC00146"
"2187","Colistin Sulphate","Powder","1000 Lac IU","77","DC00238"
"2188","Chlortetracycline Hydrochloride","Powder","20 gm/100 gm","77","DC00238"
"2189","Tiamulin Hydrogen Fumerate","Powder","45 %","77","DC00200"
"2190","Doxycycline","Powder","100 mg/gm","77","DC00238"
"2191","Levamisole","Powder","30 gm/100 gm","77","DC00206"
"2192","Trifluoperazine","Tablet","1 mg","28","DC00172"
"2193","Cefprozil","Capsule","500 mg","23","DC00230"
"2194","Glimepiride","Tablet","2 mg","15","DC00216"
"2195","Diloxanide Furoate","Tablet","500 mg","27","DC00157"
"2196","Duloxetine","Tablet","20 mg","14","DC00231"
"2197","Carvedilol","Tablet","12.5 mg","22","DC00216"
"2198","Calcium Chloride + Glacial Acetic Acid + Magnessium Chloride + Potassium Chloride + Sodium Chloride","Dialysis Solution","9.74 gm + 8.84 gm + 3.74 gm + 5.5 gm + 161.43 gm/1000 ml","59","DC00230"
"2199","Boric Acid + Dextrose + Magnesium Hypophosphite","IV Infusion","4.2 gm + 20 gm + 5 gm/100 ml","77","DC00238"
"2200","Lidocaine Hydrochloride","Ointment","5 gm/100 gm","71","DC00238"
"2201","Albendazole","Bolus","250 mg","77","DC00238"
"2202","Fluocinolone + Neomycin Sulphate","Eye Drops","100 mg + 500 mg/100 gm","52",""
"2203","Boric Acid + Dithranol + Salicylic Acid","Ointment","2 gm + 100 mg + 1 gm/100 gm","71","DC00238"
"2204","Gentamicin","Eye Ointment","300 mg/100 gm","52","DC00160"
"2205","Clotrimazole","Ear and Nasal Drops","10 mg/gm","",""
"2206","Benzyl Penicillin","Injection","10 Lac Unit","23","DC00137"
"2207","Benzyl Penicillin","Injection","5 Lac Unit","23","DC00137"
"2208","Chloramphenicol","Suspension","125 mg/5 ml","23","DC00145"
"2209","Fluconazole","Tablet","100 mg","20",""
"2210","Montelukast","Tablet","10 mg","44","DC00216"
"2211","Montelukast","Tablet","4 mg","44","DC00238"
"2212","Ferrous Sulphate + Folic Acid","Tablet","200 mg + 200 mcg","45",""
"2213","Ipratropium Bromide","Inhalation Capsule","40 mcg","44","DC00229"
"2214","Amlodipine + Valsartan","Tablet","10 mg + 160 mg","22","DC00237"
"2215","Insulin (Human) 30/70","Injection","40 IU/ml","15","DC00194"
"2216","Adrenochrome Monosemicarbazone","Tablet","2.5 mg","1","DC00238"
"2217","Galantamine","Tablet","4 mg","37","DC00237"
"2218","Lomefloxacin","Eye Drops",".3 gm/100 ml","52","DC00209"
"2219","Chlorhexidine Gluconate","Solution","1 gm/100 ml","29","DC00126"
"2220","Carbimazole","Tablet","5 mg","74","DC00160"
"2221","Iodine + Nonoxinel","Solution","19 mg + 149 mg/ml","77","DC00238"
"2222","Alendronic Acid + Vitamin D3","Tablet","10 mg + 400 IU","48","DC00238"
"2223","Phytomenadione","Injection","2 mg/.2 ml","78","DC00207"
"2224","Bromhexine + Erythromycin + Neomycin + Sulfadimidine + Trimethoprim","Powder","1.5 mg + 25 mg + 35 mg + 100 mg + 18 mg","77","DC00232"
"2225","Sulphadimidine","Bolus","2.5 gm","77","DC00238"
"2226","Ciprofloxacin","Injection","50 mg/ml","77","DC00228"
"2227","Terconazole","Cream","400 mg/100 gm","72","DC00235"
"2228","Theophylline","Capsule","300 mg","44","DC00114"
"2229","Triamcinolone Acetonide","Nasal Spray","55 mcg/Metered Inhalation","50","DC00210"
"2230","Benzocaine + Oxytetracycline + Polymixin B Sulphate","Ear Drop","250 mg + 25 mg + 50000 IU/100 ml","50","DC00238"
"2231","Spiramycine","Powder","500000 IU/gm","77","DC00226"
"2232","Diclofenac Sodium","Injection","2.5 gm/100 ml","","DC00208"
"2233","Ondansetron","Injection","2 mg/ml","18","DC00211"
"2234","Riboflavine Sodium Phosphate","Raw Materials","100 %","34",""
"2235","Antimony Potassium Tartrate + Ferrous Sulphate","Bolus","2 gm + 2 gm","77","DC00238"
"2236","Gramicidin + Neomycin Sulphate + Nystatin + Triamcinolone Acetonide","Ointment","25 mg + 250 mg + 100 Lac IU + 100 mg/100 gm","71",""
"2237","Ambroxol","Capsule","30 mg","",""
"2238","Gentamicin + Hydrocortisone Acetate","Eye and Ear Drops","300 mg + 1 gm/100 ml","52","DC00238"
"2239","Ranitidine","IV Infusion","50 mg/100 ml","55","DC00238"
"2240","Pefloxacin","IV Infusion","400 mg/5 ml","23","DC00238"
"2241","Telmisartan","Tablet","40 mg","42","DC00226"
"2242","Pivmecillinam","Tablet","200 mg","23","DC00238"
"2243","Fluticasone Propionate + Salmeterol","Inhalation Capsule","500 mcg + 50 mcg","44","DC00216"
"2244","Salmeterol","Inhalation Capsule","25 mcg","44","DC00238"
"2245","Salbutamol","Inhalation Capsule","200 mcg","44","DC00238"
"2246","Reteplase","Solution For Injection","10 IU/vial","21","DC00227"
"2247","Propofol","IV Injection","20 mg/ml","4","DC00226"
"2248","Nicotinamide + Pyridoxine Hydrochloride + Riboflavin + Vitamin B1 + Zinc","Tablet","20 mg + 2 mg + 2.75 mg + 5 mg + 10 mg","78","DC00233"
"2249","Catechu + Chalk","Powder","10 gm + 150 gm/160 gm","77","DC00238"
"2250","Sevelamer Hydrochloride","Tablet","400 mg","62","DC00234"
"2251","Topiramate","Tablet","100 mg","46","DC00221"
"2252","Ebastine","Syrup","5 mg/5 ml","21","DC00240"
"2253","Potassium Bicarbonate + Sodium Alginate","Suspension","100 mg + 500 mg/5 ml","7","DC00240"
"2254","Cinchocaine Hydrochloride + Esculin + Hydrocortisone + Neomycin Sulphate","Cream","500 mg + 1 gm + 500 mg + 1 gm/100 gm","71",""
"2255","Levocetirizine Hydrochloride","Tablet","5 mg","21","DC00224"
"2256","Salbutamol","Aerosol Inhalation","100 mcg/Metered Inhalation","44","DC00158"
"2257","Diltiazem Hydrochloride","Tablet","120 mg","22","DC00207"
"2258","Amoxicillin","Powder","10 %","77","DC00221"
"2259","Lidocaine Hydrochloride","Injection","20 mg/ml","5","DC00162"
"2260","Nitrous oxide + Oxygen","Gas","50 % + 50 %","4","DC00238"
"2261","Cefixime","Capsule","400 mg","23","DC00194"
"2262","Tibolone","Tablet","2.5 mg","56","DC00208"
"2263","Isosorbide Dinitrate","Tablet","40 mg","40","DC00238"
"2264","Amoxicillin","Capsule","500 mg","23","DC00214"
"2265","Dexpanthanol + Nicotinamide + Pyridoxine Hydrochloride + Riboflavin + Vitamin B1","Injection","25 mg + 500 mg + 50 mg + 20 mg + 250 mg/10 ml","78","DC00125"
"2266","Citric Acid Monohydrate + Potassium Citrate","Oral Solution","5 gm + 30 gm/100 ml","62","DC00238"
"2267","Levocarnitine","Solution","10 gm/5 ml","","DC00232"
"2268","Capecitabine","Tablet","500 mg","10","DC00216"
"2269","Capecitabine","Tablet","150 mg","10","DC00216"
"2270","Ascorbic Acid + Biotin + Boron + Calcium + Chromium + Copper + Cyanocobalamin + Folic Acid + Iodine + Lutein + Magnesium + Manganese + Molybdenum + Niacin + Nickel + Pantothenic acid + Phosphorous + Pottassium + Pyridoxine Hydrochloride + Riboflavin + Selenium + Silicon + Vanadium + Vitamin A + Vitamin B1 + Vitamin D + Vitamin E + Vitamin K + Zinc","Soft Gelatin Capsule","60 mg + 30 mcg + 150 mcg + 200 mg + 150 mcg + 2 mg + 25 mcg + 400 mcg + 150 mcg + 250 mcg + 100 mg + 2 mg + 75 mcg + 20 mg + 5 mcg + 10 mg + 48 mg + 80 mg + 3 mg + 1.7 mg + 20 mcg + 2 mg + 10 mcg + 5000 IU + 1.5 mg + 400 IU + 45 IU + 10 mcg + 15 mg","78","DC00228"
"2271","Camphor + Menthol + Oil Eucalyptus + Oil Turpentine + Thymol","Ointment","3 gm + 2.82 gm + 350 mg + 4.77 gm + 100 mg/100 gm","71","DC00109"
"2272","Bacitracin Zinc + Neomycin Sulphate + Polymixin B Sulphate","Eye Ointment","400 IU + 3.5 mg + 5000 IU/gm","52","DC00162"
"2273","Oxytetracycline + Polymixin B Sulphate","Ointment","30 mg + 845 IU/gm","71","DC00149"
"2274","Levofloxacin","IV Infusion","250 mg/50 ml","23","DC00230"
"2275","Oxytetracycline + Polymixin B Sulphate","Eye Ointment","500 mg + 1 Lac IU/100 gm","52","DC00137"
"2276","Danazol","Capsule","100 mg","49","DC00211"
"2277","Dextrose","IV Infusion","10 gm/100 ml","79","DC00166"
"2278","Moxifloxacin","Eye Drops","5 mg/ml","52","DC00229"
"2279","Water For Injection","Injection","5 ml","79","DC00160"
"2280","Hydrocortisone","Cream","1 gm/100 gm","71","DC00140"
"2281","Ciprofloxacin","Eye Drops","300 mg/100 ml","52","DC00207"
"2282","Amiloride Hydrochloride + Frusemide","Tablet","5 mg + 20 mg","42","DC00189"
"2283","Mometasone Furoate","Ointment","100 mg/100 gm","71","DC00214"
"2284","Fluconazole","Capsule","50 mg","20","DC00188"
"2285","Ascorbic Acid + Dexpanthanol + Nicotinamide + Pantothenic acid + Pyridoxine Hydrochloride + Riboflavin + Sodium Acetate + Thiamine Hydrochloride + Vitamin A + Vitamin B1 + Vitamin C + Vitamin D + Vitamin E","Syrup","250 mg + 24.906 mg + 100 mg + 5 mg + 7 mg + 8 mg + 280 mg + 6 mg + 13332 IU + 1.6 mg + 50 mg + 2800 IU + 40 IU/100 ml","78","DC00233"
"2286","Ascorbic Acid + Chromium + Copper + Elemental Iron + Folic Acid + Inositol + Iodine + Manganese + Molybdenum + Niacin + Pantothenic acid + Pyridoxine Hydrochloride + Quercetin + Riboflavin + Selenium + Vitamin A + Vitamin B1 + Vitamin E + Vitamin K + Zinc","Soft Gelatin Capsule","120 mg + 25 mg + 2 mg + 30 mg + 800 mcg + 50 mg + 175 mcg + 1.2 mcg + 25 mcg + 40 mg + 20 mg + 10 mg + 54 mcg + 3.4 mg + 12.5 mcg + 2700 IU + 3.4 mg + 30 IU + 65 mcg + 25 mg","78","DC00227"
"2287","Dextrose Anhydrous + Potassium Chloride + Sodium Chloride + Trisodium Citrate","Powder","184 mg + 50 mg + 500 mg + 266 mg","77","DC00238"
"2288","Ketoprofen","Tablet","100 mg","64","DC00153"
"2289","Nitrous Oxide","Gas","98 %","4","DC00160"
"2290","Fluphenazine Hydrochloride + Nortriptyline","Tablet","500 mcg + 10 mg","28","DC00238"
"2291","Norfloxacine","Solution","100 mg/ml","77","DC00211"
"2292","Metoclopramide Hydrochloride","Drops","1 mg/ml","18","DC00162"
"2293","Disposable Syringe","Syringe","1 ml","41","DC00122"
"2294","Griseofulvin","Tablet","500 mg","20","DC00146"
"2295","Cetirizine Dihydrochloride","Syrup","5 mg/5 ml","21","DC00209"
"2296","Calcium Carbonate","Tablet","625 mg","62","DC00216"
"2297","Tegaserod","Tablet","6 mg","75","DC00223"
"2298","Perindopril Erbumine","Tablet","4 mg","22","DC00206"
"2299","Elemental Iron + Folic Acid + Zinc","Capsule","50 mg + 500 mcg + 22.5 mg","45","DC00226"
"2300","Diltiazem Hydrochloride","Injection","25 mg/5 ml","22","DC00238"
"2301","Rupatadine","Tablet","10 mg","21","DC00240"
"2302","Pitavastatin","Tablet","2 mg","61","DC00240"
"2303","Difluprednate","Ophthalmic Emulsion",".05 gm/100 ml","52","DC00238"
"2304","Ceftazidime","IV/IM Injection","2 gm/vial","23","DC00238"
"2305","Chlorhexidine Gluconate","Solution","2.5 gm/100 ml","29","DC00174"
"2306","Mebendazole","Powder","50 mg/gm","77","DC00201"
"2307","Halazone","Tablet","50 mg","75","DC00238"
"2308","Flucloxacillin","Powder For Suspension","125 mg/5 ml","23","DC00126"
"2309","Flucloxacillin","Injection","250 mg/vial","23","DC00203"
"2310","Cephalexin","Powder For Suspension","125 mg/5 ml","23","DC00146"
"2311","Beclomethasone Dipropionate","Inhalation Solution","100 mcg","44","DC00206"
"2312","Chondroitin + Glucosamine","Tablet","200 mg + 250 mg","64","DC00226"
"2313","Carbocisteine","Syrup","250 mg/5 ml","31","DC00215"
"2314","Cephalexin","Capsule","500 mg","23","DC00130"
"2315","Carbamazepine","Capsule","200 mg","46","DC00238"
"2316","Benzyl Penicillin + Procaine Penicillin","Injection","2 Lac Unit + 6 Lac Unit/vial","77","DC00238"
"2317","Glycopyrrolate","Oral Solution","1 mg/5 ml","11","DC00240"
"2318","Tinidazole","IV Infusion","400 mg/100 ml","27","DC00240"
"2319","DL-Methionine + Paracetamol","Tablet","100 mg + 500 mg","6","DC00240"
"2320","Ferrous Sulphate","Raw Materials","100 %","34",""
"2321","Ibuprofen","Tablet","600 mg","64","DC00209"
"2322","Biotin + Cyanocobalamin + Folic Acid + Nicotinamide + Pantothenic acid + Pyridoxine Hydrochloride + Riboflavin + Vitamin A + Vitamin B1 + Vitamin C + Vitamin D + Vitamin E + Vitamin K","Powder","5 mg + 2 mg + 1 mcg + 2 mg + 2 mg + 4 mg + 4 mg + 10000 IU + 1.2 mg + 30 mg + 2500 IU + 4 mg + 3.2 mg","77","DC00238"
"2323","Mebendazole","Bolus","250 mg","77","DC00238"
"2324","Pheniramine Maleate","Injection","22.75 mg/ml","77","DC00191"
"2325","Sulphadiazine + Trimethoprim","Suspension","40 gm + 8 gm/100 ml","77","DC00188"
"2326","Monosulfiram","Solution","25 gm/100 ml","71","DC00157"
"2327","Propranolol Hydrochloride","Capsule","40 mg","23","DC00124"
"2328","Antioxident + Ascorbic Acid + Choline + Cobalt + Copper + Cyanocobalamin + Elemental Iron + Folic Acid + Iodine + Manganese + Nicotinamide + Pantothenic acid + Pyridoxine Hydrochloride + Riboflavin + Vitamin A + Vitamin B1 + Vitamin D + Vitamin E + Vitamin K + Zinc","Powder","1 mg + 11 mg + 600 mg + 2 mg + 80 mg + 110 mg + 30 mg + 5 mg + 10 mg + 110 mg + 40 mg + 10 mg + 20 mg + 8 mg + 1.2 Lac IU + 25 mg + 24000 IU + 10 IU + 20 mg + 60 mg","77","DC00238"
"2329","Cobalt + Copper + Elemental Iron + Iodide + Magnesium + Manganese + Vitamin A + Vitamin D + Vitamin E + Zinc","Powder","6 mg + 800 mcg + 80 mg + 2.5 mg + 50 mg + 100 mcg + 10000 IU + 1000 IU + 10 mg + 45 mg","77",""
"2330","Isoniazid + Thiacetazone","Tablet","300 mg + 150 mg","30","DC00162"
"2331","Sennosides","Tablet","7.5 mg","60","DC00162"
"2332","Nizatidine","Capsule","150 mg","55","DC00220"
"2333","Gentamicin + Hydrocortisone Acetate","Eye Drops","300 mg + 1 gm/100 ml","71",""
"2334","Fexofenadine Hydrochloride","Tablet","120 mg","21","DC00223"
"2335","Metronidazole","Suppository","500 mg","27","DC00217"
"2336","Frusemide + Spironolactone","Tablet","20 mg + 50 mg","42","DC00189"
"2337","Potassium Chloride","Syrup","500 mg/5 ml","62","DC00150"
"2338","Beclomethasone Dipropionate","Inhalation Capsule","200 mcg","44","DC00227"
"2339","Ferrous Sulphate","Syrup","200 mg/5 ml","45","DC00177"
"2340","Oxytetracycline","Capsule","250 mg","23","DC00146"
"2341","Hexachlorophene","Bolus","1 gm","77","DC00127"
"2342","Calcium Chloride + Potassium Chloride + Sodium Chloride + Sodium Lactate","IV Infusion","27 mg + 40 mg + 600 mg + 320 mg/100 ml","79","DC00162"
"2343","Magnesium Sulphate","IV Infusion","4 gm/100 ml","62","DC00211"
"2344","Dextrose + Sodium Chloride","IV Infusion","5 gm + 450 mg/100 ml","79","DC00166"
"2345","Sennosides","Tablet","95 mg","60","DC00162"
"2346","Dutasteride","Capsule","500 mcg","56","DC00235"
"2347","Ciprofloxacin","Powder","125 mg","",""
"2348","Cefadroxil","Capsule","250 mg","23","DC00238"
"2349","Cefaclor","Paediatric Drops","125 mg/1.25 ml","23","DC00238"
"2350","Ciprofloxacin","Tablet","250 mg","23","DC00238"
"2351","Cefepime","IV/IM Injection","2 gm/vial","23","DC00226"
"2352","Isoniazid + Rifampicin","Capsule","100 mg + 150 mg","30","DC00137"
"2353","Amlodipine + Atenolol","Tablet","5 mg + 50 mg","22","DC00228"
"2354","Indomethacin","Capsule","25 mg","64","DC00141"
"2355","Cholecalciferol (Vit. D3)","Injection","7.5 mg/vial","78","DC00213"
"2356","Lidocaine Hydrochloride","Spray","330 mg/100 ml","5","DC00214"
"2357","Gentamicin","Tablet","320 mg","",""
"2358","Pseudoephedrine Hydrochloride","Tablet","60 mg","31","DC00160"
"2359","Calcitriol","Soft Gelatin Capsule",".25 mcg","","."
"2360","Digoxin","Soft Gelatin Capsule","100 mcg","35","DC00228"
"2361","Sodium Stibogluconate","Injection","100 mg/ml","24","DC00162"
"2362","Rosuvastatin","Tablet","10 mg","61","DC00226"
"2363","Terbinafine Hydrochloride","Spray","1 gm/100 gm","20","DC00242"
"2364","Diphenhydramine Hydrochloride + Zinc Acetate","Spray","2 gm + 100 mg/100 gm","71","DC00242"
"2365","Dantrolene Sodium","Capsule","25 mg","70","DC00241"
"2366","Folic Acid + L-Lysine + Nicotinamide + Vitamin A + Vitamin B1 + Vitamin B12 + Vitamin B2 + Vitamin B6 + Vitamin C + Vitamin D3 + Vitamin E","Tablet","250 mcg + 50 mg + 2.5 mg + 1500 IU + 250 mcg + 2 mcg + 250 mcg + 250 mcg + 50 mg + 100 IU + 10 IU","78","DC00241"
"2367","Alcaftadine","Eye Drops","250 mg/100 ml","52","DC00241"
"2368","Acetylsalicylic Acid + Ascorbic Acid","Sached Powder","60 gm + 6.65 gm","77","DC00240"
"2369","Deflazacort","Tablet","6 mg","72","DC00242"
"2370","Typhoid Polysaccharide Vaccine","Vaccine","25 mcg/.5 ml","69",""
"2371","Hepatitis B Vaccine","Vaccine","20 mcg/ml","69",""
"2372","Hepatitis B Vaccine","Vaccine","10 mcg/ml","69",""
"2373","Adsorbed Tetanus Vaccine","Vaccine","5 LF/.5 ml","69",""
"2374","Rabies Immunoglobulin","Vaccine","1000 IU/5 ml","69",""
"2375","Tetanus Antitoxin (Equine)","Vaccine","3000 IU/ml","69",""
"2376","Meningococcal Polysaccharide Vaccine","Vaccine","50 mcg/.5 ml","69",""
"2377","Haemophilus Influenzae Type B Conjugated","Vaccine","10 mcg/.5 ml","69",""
"2378","Rabies Vaccine","Vaccine","2.5 IU/ml","69",""
"2379","Iloperidone","Tablet","2 mg","28","DC00242"
"2380","Iloperidone","Tablet","6 mg","28","DC00242"
"2381","Azelastine + Fluticasone Propionate","Nasal Spray","125 mcg + 50 mcg/Metered Inhalation","50","242"
"2382","Ciprofloxacin","Injection","500 mg/10 ml","23","DC00228"
"2383","Ciprofloxacin","Injection","1.5 gm/30 ml","23","DC00228"
"2384","Ciprofloxacin","Injection","5 gm/100 ml","23","DC00228"
"2385","Drospirenone + Ethinylestradiol","Tablet","3 mg + 20 mcg","39","DC00242"
"2386","Bordetella Pertussis + Diphtheria Toxoid + Haemophilus Influenzae Type B Conjugated + Hepatitis B Surface Antigen + Tetanus Toxoid","Vaccine","4 IU + 30 IU + 10 mcg + 10 mcg + 60 IU/.5 ml","69",""
"2387","Measles Vaccine (Live)","Vaccine",".5 ml","69",""
"2388","Poliomyelitis Vacine, Live (Oral)","Vaccine",".1 ml/.1 ml","69",""
"2389","Dacarbazine","Injection","200 mg/vial","","DC00240"
"2390","Montelukast","Chewable Tablet","5 mg","","DC00216"
"2391","Doxophylline","Tablet","400 mg","44","DC00242"
"2392","Aceclofenac","Er Tablet","200 mg","64","DC00242"
"2393","Empty Hard Gelatin Capsule","Raw Materials","140 mg","34",""
"2394","Ceftibuten","Capsule","400 mg","23","DC00239"
"2395","Citicoline","Tablet","500 mg","36","DC00242"
"2396","Levofloxacin","Oral Powder","10 gm/100 gm","77","DC00242"
"2397","Naphazoline Hydrochloride + Pheniramine Maleate","Eye Drops","250 mcg + 3 mg/ml","52","DC00212"
"2398","Chondroitin Sulfate Sodium + Sodium Hyaluronate","Viscoelastic Solution","40 mg + 30 mg/ml","52","DC00238"
"2399","Tadalafil","Tablet","2.5 mg","43","DC00242"
"2400","Dipyridamole","M R Capsule","200 mg","26","242"
"2401","Prazosin","Tablet","500 mcg","22","DC00242"
"2402","Silodosin","Capsule","4 mg","49","DC00242"
"2403","Silodosin","Capsule","8 mg","49","DC00242"
"2404","Rabeprazole Sodium","Capsule","10 mg","67","DC00220"
"2405","Nanoparticle Albumin-Bound Paclitaxel","Injection","100 mg/vial","10","DC00242"
"2406","Carboxymethylcellulose Sodium","Eye Drops","10 mg/ml","52","DC00234"
"2407","Fexofenadine Hydrochloride + Pseudoephedrine Hydrochloride","Tablet","60 mg + 120 mg","21","DC00238"
"2408","Betamethasone","Ointment","50 mg/100 gm","71","DC00162"
"2409","Digoxin","Elixir","5 mg/100 ml","35","DC00234"
"2410","Macrogol 3350 + Potassium Chloride + Sodium Bicarbonate + Sodium Chloride","Sachet","13.125 gm + 46.6 mg + 178.5 mg + 350.7 mg","60","DC00242"
"2411","Cholestyramine","Sachet","4 gm","61","DC00242"
"2412","Lidocaine + Tetracaine","Cream","7 gm + 7 gm/100 gm","71","DC00242"
"2413","Fluticasone Propionate","Aerosol Inhalation","125 mcg","44","DC00225"
"2414","Gefitinib","Tablet","250 mg","10","DC00242"
"2415","Indacaterol","Inhalation Capsule","750 mcg","44",""
"2416","Indacaterol","Inhalation Capsule","75 mcg","44","DC00242"
"2417","Rabeprazole Sodium","Capsule","20 mg","67","DC00220"
"2418","Tapentadol","Sr Tablet","100 mg","65","DC00241"
"2419","Desvenlafaxine","Tablet","50 mg","14",""
"2420","Desvenlafaxine","Er Tablet","100 mg","14","DC00242"
"2421","Desvenlafaxine","Er Tablet","50 mg","14","DC00242"
"2422","Pitavastatin","Tablet","4 mg","61","DC00242"
"2423","Pitavastatin","Tablet","1 mg","61","DC00242"
"2424","Ciclopirox Olamine","Cream","10 mg/gm","71","DC00241"
"2425","Docusate Sodium","Tablet","120 mg","60","DC00238"
"2426","Hyoscine Hydrobromide","Tablet","150 mcg","18","DC00242"
"2427","Pregabalin","Sr Tablet","50 mg","24",""
"2428","Oxymetazoline Hydrochloride","Nasal Spray","50 mg","48",""
"2429","Calcitriol","Capsule",".5 mcg","79",""
"2430","Tolfenamic Acid","Injection","4 gm/100 ml","47","DC00226"
"2431","Isosorbide Mononitrate","Tablet","40 mg","40","DC00189"
"2432","Ofloxacin","Eye and Ear Drops","3 mg/ml","23","DC00214"
"2433","Vitamin A + Vitamin D3 + Vitamin E","Capsule","600 IU + 85 IU + .3 IU","78",""
"2434","Perindopril Erbumine","Tablet","8 mg","22","DC00235"
"2435","Prazosin","Tablet","2 mg","22","DC00160"
"2436","Amprolium + Ethopabate","Solution","70 mg + 4 mg/ml","77","DC00238"
"2437","Amoxicillin","Injection","250 mg/ vial","23","DC00109"
"2438","Dextrose + Sodium Chloride","IV Infusion","5 % + .45 %","79","DC00166"
"2439","Diclofenac Sodium","Emulgel","1 gm/100 gm","71","DC00189"
"2440","Ferrous Fumarate + Folic Acid","Tablet","308 mg + 350 mcg","45","DC00146"
"2441","Gemcitabine","Injection","200 mg/vial","10","DC00215"
"2442","Metronidazole","Cream","750 mg/100 gm","27","DC00226"
"2443","Adenosine + Cytochrome C + Nicotinamide + Sodium Succinate","Eye Drops","200 mg + 50 mg + 1 gm + 60 mg/100 ml","52","DC00208"
"2444","Nevirapine","Tablet","200 mg","32","DC00233"
"2445","Sodium Chloride","Nasal Drops",".9 gm/100 ml","50","DC00191"
"2446","Artemether","Injection","80 mg/ml","24","DC00203"
"2447","Dexamethasone","Injection","2 mg/ml","77","DC00238"
"2448","Diltiazem Hydrochloride","Capsule","60 mg","22","DC00207"
"2449","Metriphonate","Powder","100 %","77","DC00127"
"2450","Sodium Selenate + Vitamin E","Oral Solution","50 mg + 10 gm/100 ml","77","DC00238"
"2451","Iohexol","Injection","755 mg/ml","41","DC00238"
"2452","Dextrose Anhydrous","IV Infusion","10 gm/100 ml","79","DC00166"
"2453","Precipitated Sulpher + Salicylic Acid","Ointment","3 gm + 2 gm/100 gm","71","DC00157"
"2454","Glycerol","Powder","1.15 gm","",""
"2455","Dextrose","Raw Materials","100%","34",""
"2456","Liquid Glucose","Raw Materials","100%","34",""
"2457","Tylosin","Sachet","20 %","77","DC00238"
"2458","Levamisole","Powder","46 gm/100 gm","77","DC00238"
"2459","Thiamine Hydrochloride (Vit-B1)","Tablet","100 mg","78","DC00164"
"2460","Tetracycline Hydrochloride","Tablet","500 mg","23","DC00105"
"2461","Atropine Sulphate","Eye Drops","1 gm/100 ml","52","DC00160"
"2462","Amiloride Hydrochloride + Hydrochlorothiazide","Tablet","5 mg + 50 mg","42","DC00155"
"2463","Dexamethasone + Gatifloxacin","Eye Drops","100 mg + 300 mg/100 ml","52","DC00235"
"2464","Amoxicillin + Clavulanic Acid","Powder For Suspension","500 mg + 125 mg/5 ml","23","DC00238"
"2465","Flucloxacillin","Capsule","500 mg","23","DC00238"
"2466","Pancreatin","Tablet","325 mg","51","DC00113"
"2467","Voriconazole","Tablet","50 mg","20","DC00231"
"2468","Water For Injection","Injection","20 ml","79","DC00149"
"2469","Sodium Dichloroisocyanurate","Tablet","17 mg","29","DC00230"
"2470","Dextran + Sodium Chloride","Injection","70 mg + 9 mg","79","DC00171"
"2471","Diazepam","Tablet","5 mg","57","DC00140"
"2472","Isopropamide + Trifluoperazine","Tablet","5 mg + 2 mg","28","DC00238"
"2473","Isopropamide + Trifluoperazine","Tablet","5 mg + 1 mg","28","DC00238"
"2474","Ambroxol Hydrochloride","Pellets","30 %","34",""
"2475","Inositol","Tablet","750 mg","75","DC00230"
"2476","Cephradine","Capsule","500 mg","23","DC00178"
"2477","Sulphamethoxazole + Trimethoprim","Tablet","400 mg + 80 mg","23","DC00140"
"2478","Cephalexin","Capsule","250 mg","23","DC00152"
"2479","Cephalexin","Paediatric Drops","125 mg/1.25 ml","23","DC00150"
"2480","Gentamicin","Injection","5 gm","77","DC00238"
"2481","Light Liquid Paraffin + White Soft Paraffin","Cream","6 gm + 15 gm/100 gm","71","DC00239"
"2482","Gabapentin","Syrup","5 gm/100 ml","46","DC00239"
"2483","Isopropamide + Trifluoperazine","Tablet","7.5 mg + 2 mg","28","DC00238"
"2484","Pregabalin","Capsule","25 mg","46","DC00239"
"2485","Sulphaquinoxaline","Solution","25 gm/100 ml","77","DC00238"
"2486","Benzalkonium Chloride","Powder","40 gm","77","DC00238"
"2487","Cephradine","Powder For Suspension","250 mg/5 ml","23","DC00226"
"2488","Doxycycline + Oxytetracycline","Powder","1 gm + 2 gm/100 gm","77","DC00238"
"2489","Amoxicillin","Injection","500 mg/ vial","23","DC00109"
"2490","Artesunate","Injection","80 mg/ml","24",""
"2491","Vitamin E","Capsule","400 IU","78","DC00198"
"2492","Fluphenazine Decanoate","Injection","25 mg/ml","28","DC00189"
"2493","Niacin","Tablet","1000 mg","78","DC00231"
"2494","Allopurinol","Tablet","300 mg","76","DC00214"
"2495","Nitrofurantoin","Suspension","500 mg/100 ml","23","DC00239"
"2496","Budesonide + Formoterol Fumarate","Inhalation Aerosol","80 mcg + 4.5 mcg/Puff","44","DC00238"
"2497","Ascorbic Acid + Folic Acid + Iron + Nicotinamide + Pyridoxine Hydrochloride + Riboflavin + Thiamine + Zinc Sulphate","Pellets","99.77 gm + 1.56 gm + 101.14 gm + 20.64 gm + 2.06 gm + 4.13 gm + 4.13 gm + 143.38 gm","34",""
"2498","Desogestrel + Ethinylestradiol","Tablet","150 mcg + 20 mcg","39","DC00227"
"2499","Ferrous Sulphate + Folic Acid + Zinc","Capsule","150 mg + 500 mcg + 22.5 mg","45","DC00210"
"2500","Pyrantel Pamoate","Tablet","125 mg","8","DC00112"
"2501","Amlodipine + Atenolol","Tablet","5 mg + 25 mg","22","DC00228"
"2502","Atenolol","Tablet","100 mg","22","DC00137"
"2503","Oxygen","Gas","99 %","75","DC00238"
"2504","Bromhexine Hydrochloride","Tablet","8 mg","31","DC00221"
"2505","Hydroxychloroquine Sulphate","Tablet","200 mg","24","DC00223"
"2506","Ribavirin","Tablet","200 mg","32","DC00224"
"2507","Vancomycin","Injection","500 mg","23","DC00214"
"2508","Tolterodine Tartrate","Tablet","1 mg","49","DC00221"
"2509","Dapsone","Tablet","50 mg","30","DC00160"
"2510","Enalapril Maleate","Tablet","20 mg","22","DC00207"
"2511","Bromazepam","Tablet","3 mg","57","DC00209"
"2512","Ofloxacin","Tablet","400 mg","23","DC00205"
"2513","Biotin + Cobalt + Copper + Cyanocobalamin + DL-Methionine + Elemental Iron + Folic Acid + Iodine + L-Lysine HCl + Manganese + Nicotinamide + Pantothenic acid + Pyridoxine Hydrochloride + Riboflavin + Selenium + Vitamin A + Vitamin B1 + Vitamin D + Vitamin E + Vitamin K + Zinc","Powder","40 mcg + 160 mcg + 4 mg + 4.8 mcg + 40 mg + 24 mg + 320 mcg + 160 mcg + 24 mg + 24 mg + 16 mg + 16 mg + 1.6 mg + 2 mg + 60 mcg + 4800 IU + 1 mg + 960 IU + 9.2 mg + 800 mcg + 20 mg","77","DC00238"
"2514","Amonium Bicarbonate + Gentian Violet + Ginger + Nux vomica + Sodium Bicarbonate","Sachet","25 gm + 1.5 gm + 1.5 gm + 7 gm + 65 gm/100 gm","77","DC00238"
"2515","Amonium Bicarbonate + Gelatin + Ginger + Nux vomica + Sodium Bicarbonate","Powder","25 gm + 1.5 gm + 1.5 gm + 7 gm + 65 gm/100 gm","77","DC00238"
"2516","Fexofenadine Hydrochloride","Suspension","30 mg/5 ml","21","DC00235"
"2517","Niacinamide + Pyridoxine Hydrochloride + Riboflavin + Thiamine Hydrochloride + Zinc","Syrup","400 mg + 40 mg + 40 mg + 100 mg + 200 mg/100 ml","78","DC00231"
"2518","Amonium Bicarbonate + Gentian Violet + Ginger + Nux vomica + Sodium Bicarbonate","Powder","25 gm + 1.5 gm + 1.5 gm + 7 gm + 65 gm/100 gm","77","DC00238"
"2519","Calcium Chloride + Magnessium Chloride + Potassium Chloride + Sodium Acetate + Sodium Chloride + Sodium Citrate","Irrigation Solution","48 mg + 30 mg + 75 mg + 390 mg + 490 mg + 170 mg/100 ml","52","DC00207"
"2520","Granisetron","Injection","1 mg/ml","18","DC00223"
"2521","Levamisole + Oxyclozanide","Tablet","75 mg + 150 mg","77","DC00238"
"2522","Venlafaxine","Tablet","37.5 mg","14","DC00224"
"2523","Dicloxacillin","Capsule","500 mg","23","DC00206"
"2524","Ticlopidine Hydrochloride","Tablet","250 mg","26","DC00207"
"2525","Xylometazoline Hydrochloride","Nasal Drops","50 mg/100 ml","50","DC00102"
"2526","Crotamiton","Lotion","10 gm/100 gm","71","DC00218"
"2527","Flupenthixol","Tablet","1 mg","28","DC00238"
"2528","Oxyphenonium Bromide","Eye Drops","10 mg/ml","52","DC00238"
"2529","Benzalkonium Chloride + Glutaraldehyde","Suspension","100 mg + 150 mg/100 ml","77","DC00238"
"2530","Neostigmine Methyl Sulphate","Injection","500 mcg/ml","37","DC00146"
"2531","Testosterone Decanoate + Testosterone Isocaproate + Testosterone Phenyl propionate + Testosterone Propionate","Injection","100 mg + 60 mg + 60 mg + 30 mg/ml","56","DC00238"
"2532","Diclofenac Potassium","Raw Materials","100 %","34",""
"2533","Ferrous Fumarate + Folic Acid","Capsule","200 mg + 500 mcg","45","DC00128"
"2534","Ascorbic Acid + Calcium Pantothenate + Cupric Sulphate + Cyanocobalamin + Ferrous Sulphate + Folic Acid + Manganese Sulphate + Nicotinamide + Potassium Iodide + Potassium Sulphate + Pyridoxine Hydrochloride + Riboflavin + Vitamin A + Vitamin B1 + Vitamin D + Vitamin E + Zinc Sulphate","Soft Gelatin Capsule","60 mg + 10.92 mg + 2 mg + 6 mcg + 50 mg + 400 mcg + 1 mg + 20 mg + 196 mcg + 11.141 mg + 2 mg + 1.7 mg + 1.5 mg + 1.5 mg + 10 mcg + 15 IU + 41.16 mg","78","DC00228"
"2535","Hydrocortisone","Injection","100 mg/vial","72","DC00160"
"2536","Boron + Calcium + Copper + Magnesium + Manganese + Phosphorous + Vitamin D + Zinc","Tablet","250 mcg + 500 mg + 1 mg + 40 mg + 1.8 mg + 100 mg + 200 IU + 7.5 mg","",""
"2537","Boric Acid + Calcium Gluconate + Dextrose Anhydrous + Magnesium Hypophosphite","Injection","4.2 gm + 20.8 gm + 22 gm + 5 gm/100 ml","77","DC00238"
"2538","Boron + Calcium + Copper + Magnesium + Manganese + Viamin D + Zinc","Tablet","250 mcg + 600 mg + 1 mg + 40 mg + 1.8 mg + 200 IU + 7 mg","62","DC00230"
"2539","Mirtazapine","Tablet","15 mg","14","DC00225"
"2540","Cloxacillin","Capsule","500 mg","23","DC00160"
"2541","Nicotinamide + Pyridoxine Hydrochloride + Riboflavin + Vitamin B1","Tablet","20 mg + 2 mg + 2 mg + 5 mg","78","DC00172"
"2542","Eucalypytol + Menthol + Methyl Salicylate + Thymol","Mouth Wash","92 mg + 42 mg + 60 mg + 64 mg/100 ml","73","DC00235"
"2543","Prazosin","Tablet","1 mg","22","DC00160"
"2544","Amikacin","Injection","100 mg/2 ml","23","DC00216"
"2545","Metformin Hydrochloride + Rosiglitazone","Tablet","1 gm + 2 mg","15","DC00234"
"2546","Tiotropium","Inhalation Capsule","18 mcg","44","DC00231"
"2547","Levetiracetam","Tablet","500 mg","46","DC00237"
"2548","Methotrexate","IV Infusion","100 mg/ml","10","DC00227"
"2549","Methotrexate","IV Infusion","10 mg/ml","10","DC00227"
"2550","Calcium Chloride + Glacial Acetic Acid + Magnessium Chloride + Potassium Chloride + Sodium Chloride","Dialysis Solution","9.75 gm + 8.85 gm + 3.74 gm + 5.49 gm + 161.43 gm/Litres","59","DC00227"
"2551","Erythromycin","Paediatric Drops","50 mg/1.25 ml","23","DC00224"
"2552","Erythromycin","Lotion","150 mg/5 ml","71",""
"2553","Ramipril","Tablet","2.5 mg","22","DC00221"
"2554","Hydrochlorothiazide + Triamterene","Tablet","25 mg + 50 mg","22","DC00146"
"2555","Lidocaine Hydrochloride","Solution","1 gm/100 gm","71","DC00238"
"2556","Carbonyl Iron + Folic Acid + Zinc","Pellets","156.923 gm + 1.538 gm + 190.154 gm/KG","45",""
"2557","Beclomethasone Dipropionate","Inhalation Solution","250 mcg","44","DC00206"
"2558","Terbinafine","Cream","1 gm/100 gm","71","DC00189"
"2559","Sibutramine Hydrochloride","Capsule","5 mg","14","DC00220"
"2560","Fluocinolone + Neomycin Sulphate","Ointment","25 mg + 500 mg/100 gm","71","DC00238"
"2561","Ascorbic Acid + Folic Acid + Iron + Vitamin A + Zinc","Sachet","30 mg + .16 mg + 12.5 mg + .3 mg + 5 mg","78","DC00232"
"2562","Levocarnitine","Oral Solution","500 gm/5 ml","",""
"2563","Prednisolone","Solution","5 mg/5 ml","72","DC00235"
"2564","Erythromycin","Powder","550 mg/gm","77","DC00234"
"2565","Dapsone","Tablet","100 mg","30","DC00238"
"2566","Gentamicin","Injection","100 mg/ml","77","DC00226"
"2567","Cyanocobalamin + Nicotinamide + Panthenol + Pyridoxine Hydrochloride + Riboflavin + Vitamin A + Vitamin B1 + Vitamin D3 + Vitamin E","Solution","50 mcg + 35 mg + 25 mg + 3 mg + 5 mg + 15000 IU + 10 mg + 1000 IU + 20 mg/100 ml","77","DC00238"
"2568","Glipizide","Tablet","10 mg","15","DC00229"
"2569","Esomeprazole","Injection","40 mg/vial","67","DC00231"
"2570","Acyclovir","Cream","5 gm/100 gm","71","DC00160"
"2571","Acyclovir","Tablet","400 mg","32","DC00228"
"2572","Acyclovir","Tablet","200 mg","32","DC00160"
"2573","Dextromethorphan Hydrobromide","Syrup","10 mg/5 ml","31","DC00142"
"2574","Fexofenadine Hydrochloride","Tablet","180 mg","21","DC00223"
"2575","Quinine Sulphate","Tablet","300 mg","24","DC00162"
"2576","Cefuroxime","Capsule","250 mg","23","DC00238"
"2577","Biotin + Cobalt + Copper + Cyanocobalamin + DL-Methionine + Elemental Iron + Folic Acid + Iodine + L-Lysine HCl + Manganese + Nicotinamide + Pantothenic acid + Pyridoxine Hydrochloride + Riboflavin + Selenium + Vitamin A + Vitamin B1 + Vitamin D3 + Vitamin E + Vitamin K3 + Zinc","Bolus","2 mg + .016 gm + .032 gm + .4 mg + 2 gm + 1.28 gm + .02 gm + .032 gm + 1.2 gm + 2.56 gm + 1 gm + .48 gm + .12 gm + .16 gm + 6.4 mg + 480 IU + .04 gm + 80 IU + .6 gm + .08 gm + 1.6 gm","77","DC00238"
"2578","Orlistat","Capsule","120 mg","75","DC00212"
"2579","Cefuroxime Axetil","Pellets","400 gm/KG","34","DC00001"
"2580","Erythromycin","Powder For Suspension","250 mg/5 ml","23","DC00231"
"2581","Cefpodoxime","Powder For Suspension","80 mg/5 ml","23","DC00231"
"2582","Gentamicin","Eye Drops","300 mg/100 ml","52","DC00164"
"2583","Ceftriaxone","IV Injection","2 gm","23","DC00169"
"2584","Cefuroxime","Tablet","500 mg","23","DC00238"
"2585","Tetracycline Hydrochloride","Eye Ointment","1 gm/100 gm","52","DC00160"
"2586","Atorvastatin","Tablet","20 mg","61","DC00218"
"2587","Spironolactone","Tablet","100 mg","42","DC00243"
"2588","Tramadol Hydrochloride","Sr Capsule","100 mg","65","DC00235"
"2589","Pseudoephedrine Hydrochloride + Triprolidine Hydrochloride","Tablet","60 mg + 2.5 mg","31","DC00238"
"2590","Neomycin Sulphate + Polymixin B Sulphate + Pramoxine","Cream","5.83 mg + 10000 IU + 10 mg/gm","","DC00234"
"2591","Acyclovir","Injection","1 gm/vial","32","DC00241"
"2592","Morphine Sulphate","Tablet","60 mg","65","DC00227"
"2593","Liquid Paraffin + Magnesium Hydroxide","Oral Emulsion","1.25 ml + 300 mg/5 ml","",""
"2594","Liquid Paraffin + Magnesium Hydroxide","Suspension","1.25 ml + 300 mg/120 ml","",""
"2595","Light Liquid Paraffin + Magnesium Hydroxide","Suspension","1.25 ml + 300 mg/5 ml","","DC00238"
"2596","Liquid Paraffin + Magnesium Hydroxide","Suspension","1.25 ml + 300 mg/5 ml","60","DC00238"
"2597","Metformin Hydrochloride + Sitagliptin","Er Tablet","500 mg + 50 mg","15","DC00240"
"2598","Metformin Hydrochloride + Sitagliptin","Er Tablet","1000 mg + 50 mg","15","DC00240"
"2599","Abiraterone Acetate","Tablet","250 mg","10","DC00241"
"2600","Ciprofloxacin","Sr Tablet","1 gm","23","DC00233"
"2601","Condroitin Sulphate Sodium + Glucosamine Sulphate","Cream","3 gm + 2 gm/100 gm","71","DC00241"
"2602","Tilmicosin","Oral Solution","250 mg/ml","77","DC00238"
"2603","Toltrazuril","Oral Liquid","2.5 gm/100 ml","77","DC00237"
"2604","Levamisole + Triclabendazole","Bolus","750 mg + 1.2 gm","77","DC00240"
"2605","Ivermectin + Triclabendazole","Suspension","200 mg + 12 gm/100 ml","77","DC00240"
"2606","Sodium Dichloroisocyanurate","Tablet","1670 mg","77","DC00240"
"2607","Ticagrelor","Tablet","90 mg","26","DC00241"
"2608","Mebeverine Hydrochloride","Sr Capsule","200 mg","11","DC00235"
"2609","Elemental Iron","Injection","100 mg/5 ml","45","DC00232"
"2610","Praziquantel + Pyrantel","Bolus","18.2 mg + 72.6 mg","77","DC00240"
"2611","Fenbendazole","Suspension","10 gm/100 ml","77","DC00240"
"2612","Atomoxetine","Capsule","10 mg","14","DC00239"
"2613","Alfuzosin","Er Tablet","10 mg","49","DC00233"
"2614","Dexpanthanol + Nicotinamide + Vitamin A + Vitamin B1 + Vitamin B12 + Vitamin B2 + Vitamin B3 + Vitamin B6 + Vitamin E","Injection","2.5 gm + 3.5 gm + 1500000 IU + 1 gm + 2.5 gm + .5 gm + 2.5 mg + .3 gm + 2 gm/100 ml","77","DC00240"
"2615","Selenium + Vitamin E","Injection",".1 gm + 5 gm/100 ml","77","DC00240"
"2616","Prazosin","Xr Tablet","5 mg","22","DC00241"
"2617","Prazosin","Xr Tablet","2.5 mg","22","DC00241"
"2618","Trypan Blue","Eye Drops","60 mg/100 ml","52","DC00240"
"2619","Trastuzumab","Injection","150 mg/vial","10","DC00241"
"2620","Methoxsalen","Lotion","1 gm/100 ml","71","DC00241"
"2621","Eucalypytol + Menthol + Methyl Salicylate + Sodium Fluoride + Thymol","Mouth Wash","92 mg + 42 mg + 60 mg + 20 mg + 64 mg/100 ml","73","DC00241"
"2622","Betamethasone + Calcipotriol","Topical Suspension","50 mg + 5 mg/100 gm","71","DC00241"
"2623","Oxytocin","Injection","100 IU/10 ml","49","DC00188"
"2624","Racecadrotil","Capsule","100 mg","16","DC00242"
"2625","Selegiline Hydrochloride","Tablet","5 mg","25","DC00189"
"2626","Selegiline Hydrochloride","Tablet","10 mg","25","DC00241"
"2627","Acetylcysteine","Effervescent Granules","100 mg","31","DC00242"
"2628","Acetylcysteine","Effervescent Granules","200 mg","31","DC00242"
"2629","Acetylcysteine","Dispersible Tablet","600 mg","31","DC00242"
"2630","Levocetrizine Dihydrochloride","Syrup","50 mg/100 ml","21","DC00237"
"2631","Methyl Prednisolone","Tablet","8 mg","72","DC00242"
"2632","Dapoxetine","Tablet","30 mg","14","DC00242"
"2633","Dapoxetine","Tablet","60 mg","14","DC00242"
"2634","Brinzolamide + Timolol","Eye Drops","1 gm + 500 mg/100 ml","52","DC00242"
"2635","Ofloxacin","IV Infusion","200 mg/100 ml","23","DC00240"
"2636","Lymecycline","Capsule","408 mg","23","DC00239"
"2637","Acetylcysteine","Sachet","600 mg","31","DC00242"
"2638","Fluticasone Propionate","Respirator Suspension","2 mg/2 ml","44","DC00242"
"2639","Fluticasone Propionate","Respirator Suspension","500 mcg/2 ml","44","DC00242"
"2640","Chlorhexidine","Topical Solution","4 gm/100 ml","71","DC00149"
"2641","Dutasteride + Tamsulosin Hydrochloride","Capsule","500 mcg + 400 mcg","49","DC00242"
"2642","Milnacipran Hydrochloride","Tablet","12.5 mg","14","DC00242"
"2643","Montelukast","Chewable Tablet","4 mg","44","DC00238"
"2644","Ondansetron","Orodispersible Tablet","4 mg","18","DC00232"
"2645","Ondansetron","Orodispersible Tablet","8 mg","18","DC00232"
"2646","Benzoyl Peroxide","Cream","4 gm/100 gm","71","DC00226"
"2647","Metformin Hydrochloride","Xr Tablet","750 mg","15","DC00226"
"2648","Ondansetron","Oral Soluble Film","5 mg","18",""
"2649","Ondansetron","Oral Soluble Film","8 mg","18","DC00232"
"2650","Ondansetron","Oral Soluble Film","4 mg","18","DC00232"
"2651","Carbidopa + Levodopa","Cr Tablet","25 mg + 100 mg","25","DC00242"
"2652","Calcium Orotate","Tablet","740 mg","62","DC00242"
"2653","Carbetocin","Injection","100 mg/ml","49","DC00242"
"2654","Nicotinamide","Gel","4 gm/100 gm","71","DC00242"
"2655","Tranexamic Acid","Tablet","500 mg","19","DC00203"
"2656","Amoxicillin + Clavulanic Acid","Tablet","875 mg + 125 mg","23","DC00231"
"2657","Olopatadine","Eye Drops","5 mg","52",""
"2658","Vitamin E","Capsule","200 mg","78","DC00189"
"2659","Vitamin A + Vitamin D3 + Vitamin E","Injection","3 Lac IU + 1 Lac IU + 50 mg","77",""
"2660","Levamisole","Powder","30 %","77","DC00204"
"2661","Clobetasone Butyrate","Ointment","50 mg/100 gm","71","DC00212"
"2662","Docetaxel","Injection","20 mg/.5 ml","10","DC00210"
"2663","Docetaxel","Injection","80 mg/2 ml","10","DC00210"
"2664","Poly (0-2 Hydroxyethyl Starch (Hydroxyethyl 130/0.4) + Sodium Chloride","Solution For Infusion","60 gm + 9 gm/1000 ml","79","DC00220"
"2665","Norfloxacine","Premix","100 gm/KG","77","DC00211"
"2666","Ampicillin + Colistin Sulphate","Injection","10 gm + 25 MIU/100 ml","77","DC00238"
"2667","Vitamin A + Vitamin D + Vitamin E","Injection","80000 IU + 40000 IU + 20 mg/ml","77","DC00238"
"2668","Linezolid","IV Infusion","600 mg/300 ml","23","DC00230"
"2669","Benzocaine","Oral Dental Gel","20 gm/100 gm","73","DC00226"
"2670","Sodium Sulfachloropyridazine + Trimethoprim","Powder","10 gm + 2 gm/100 gm","77","DC00238"
"2671","Hydrochlorothiazide + Valsartan","Tablet","12.5 mg + 80 mg","22","DC00230"
"2672","Finasteride","Tablet","5 mg","49","DC00209"
"2673","Cimetidine","Tablet","200 mg","55","DC00152"
"2674","Clobetasone Butyrate","Cream","50 mg/100 gm","71","DC00210"
"2675","Methylphenidate Hydrochloride","Tablet","5 mg","14","DC00229"
"2676","Diclofenac Sodium + Misoprostol","Tablet","50 mg + 200 mcg","64","DC00228"
"2677","Hydrocortisone","Ointment","1 gm/100 gm","71","DC00124"
"2678","Arachis Oil + Cetostearyl Alcohol + Virgin Castor Oil + White Beeswax + Zinc Oxide","Ointment","30.5 gm + 2 gm + 50 mg + 10 gm + 7.5 gm/100 gm","71","DC00226"
"2679","Rosuvastatin","Tablet","20 mg","61","DC00226"
"2680","Levofloxacin","Eye Drops","15 mg/ml","52","DC00237"
"2681","Tizanidine","Tablet","4 mg","62",""
"2682","Dipyridamole","Tablet","50 mg","40",""
"2683","Orphenadrine Citrate","Injection","60 mg/2 ml","12",""
"2684","Orphenadrine Hydrochloride","Tablet","100 mg","12",""
"2685","Piperazine Citrate","Syrup","18 gm","55",""
"2686","Lincomycin Base","Injection","600 mg/2 ml","23",""
"2687","Furazolidone","Tablet","100 mg","15",""
"2688","Furazolidone","Suspension","500 mg","15",""
"2689","Nitrazepam","Tablet","10 mg","29",""
"2690","Ampicillin Trihydrate","Bolus","575 mg","78",""
"2691","Oxytetracycline","Injection","50 mg","78",""
"2692","Vitamin A + Vitamin D3 + Vitamin E","Injection","300 Lac + 10 Lac IU + 5 gm","78",""
"2693","Amoxicillin","Injection","1.5 gm","78",""
"2694","Povidone Iodine","Solution","10 gm","78",""
"2695","Cetuximab","Injection","100 mg/20 ml","10","DC00242"
"2696","Dasatinib","Tablet","100 mg","10","DC00242"
"2697","Liquid Paraffin + White Soft Paraffin + Wool Alcohol","Eye Ointment","42.5 gm + 57.3 gm + 200 mg/100 gm","52","DC00242"
"2698","Thalidomide","Capsule","50 mg","10","DC00240"
"2699","Thalidomide","Capsule","200 mg","10","DC00241"
"2700","Fludarabine Phosphate","Tablet","10 mg","10","DC00242"
"2701","Norephinephrine","Injection","2 mg/2 ml","01","DC00242"
"2702","Ceftibuten","Powder For Suspension","1.8 gm/100 ml","23","DC00239"
"2703","Quetiapine","Tablet","200 mg","28","DC00231"
"2704","Quetiapine","Xr Tablet","200 mg","28","DC00243"
"2705","Quetiapine","Tablet","300 mg","28","DC00242"
"2706","Quetiapine","Xr Tablet","50 mg","28","DC00242"
"2707","Glycopyrrolate","Injection","200 mcg/ml","11","DC00239"
"2708","Irinotecan Hydrochloride","Injection","300 mg/15 ml","10","DC00238"
"2709","Irinotecan Hydrochloride","Injection","100 mg/5 ml","10","DC00215"
"2710","Irinotecan Hydrochloride","Injection","40 mg/2 ml","10","DC00215"
"2711","Hyaluronidase","Injection","150 IU/vial","52","DC00235"
"2712","Etoposide","Capsule","50 mg","10","DC00242"
"2713","Etoposide","Capsule","100 mg","10","DC00242"
"2714","Fenticonazole Nitrate","Vaginal Capsule","200 mg","20","DC00242"
"2715","Fenticonazole Nitrate","Vaginal Capsule","600 mg","20","DC00241"
"2716","Ciclesonide","Nasal Spray","50 mcg/Spray","50","DC00243"
"2717","Sofosbuvir","Tablet","400 mg","32","DC00243"
"2718","Cyanocobalamin + Toldimfos Sodium","Injection","1.5 gm + 6 gm/30 ml","77","DC00238"
"2719","Dexamethasone","Injection","60 mg/30 ml","77","DC00238"
"2720","Alverine Citrate","Capsule","120 mg","11","DC00243"
"2721","Lidocaine","Spray","10 gm/100 ml","5","DC00240"
"2722","Mirtazapine","Tablet","7.5 mg","14","DC00243"
"2723","Dabigatran Etexilate","Capsule","75 mg","12","DC00241"
"2724","Dabigatran Etexilate","Capsule","110 mg","12","DC00242"
"2725","Dabigatran Etexilate","Capsule","150 mg","12","DC00241"
"2726","Doxycycline Hydrochloride + Gentamicin","Powder","10 gm + 10 gm/100 gm","77","DC00243"
"2727","Ivermectin","Solution","500 mg/100 ml","77","DC00243"
"2728","Gentamicin + Neomycin Sulphate","Powder","2.5 gm + 20 gm/100 gm","77","DC00243"
"2729","Bromhexine Hydrochloride + Colistin Sulphate + Doxycycline Hydrochloride + Tylosin Tartrate","Powder","100 mg + 2.7 gm + 10 gm + 15 gm/100 gm","77","DC00243"
"2730","Mesalamine","Dr Tablet","400 mg","64","DC00243"
"2731","Ascorbic Acid + Biotin + Cyanocobalamin + Dexpanthanol + Folic Acid + Nicotinamide + Pyridoxine Hydrochloride + Riboflavine Sodium Phosphate + Thiamine Nitrate","Injection","100 mg + 60 mcg + 5 mcg + 15 mg + 400 mcg + 40 mg + 4 mg + 3.6 mg + 2.5 mg/vial","78","DC00240"
"2732","Doxophylline","Syrup","100 mg/5 ml","44","DC00240"
"2733","Sucrose","Powder","6.5 gm","75","DC00240"
"2734","Sucralose","Sachet","6.5 gm","75","DC00240"
"2735","Hydrocortisone Acetate + Lidocaine Hydrochloride","Cream","5 mg + 30 mg/gm","71","DC00243"
"2736","Prednisolone","Tablet","2 mg","72","DC00243"
"2737","Metformin Hydrochloride + Sitagliptin","Er Tablet","1000 mg + 100 mg","15","DC00242"
"2738","Rupatadine","Oral Solution","100 mg/100 ml","21","DC00243"
"2739","Brimonidine Tartrate + Brinzolamide","Eye Drops","200 mg + 1 gm/100 ml","52","DC00243"
"2740","Bendamustine Hydrochloride","Injection","25 mg/vial","10","DC00242"
"2741","Ispaghula Husk + Mebeverine Hydrochloride","Sachet","3.5 gm + 135 mg","60","DC00243"
"2742","Baclofen","Syrup","100 mg/100 ml","70","DC00243"
"2743","Insulin Aspart","Injection","300 IU/3 ml","15","DC00242"
"2744","Caffeine","Injection","30 mg/3 ml","44","DC00243"
"2745","Ciprofloxacin","Granules For Suspension","250 mg/5 ml","23","DC00230"
"2746","Warfarin Sodium","Tablet","1 mg","12","DC00242"
"2747","Warfarin Sodium","Tablet","2 mg","12","DC00242"
"2748","Warfarin Sodium","Tablet","2.5 mg","12","DC00242"
"2749","Estradiol","Implant","25 mg","39","DC00216"
"2750","Omeprazole","Tablet","10 mg","67","DC00214"
"2751","Oseltamivir","Capsule","75 mg","32","DC00216"
"2752","Oxytetracycline","Powder","25 gm/100 gm","77","DC00215"
"2753","Cefadroxil","Paediatric Drops","125 mg/1.25 ml","23","DC00220"
"2754","Glycerol","Suppository","1.035 gm","60","DC00162"
"2755","Isosorbide Mononitrate","Tablet","10 mg","40","DC00125"
"2756","Isosorbide Mononitrate","Capsule","50 mg","40","DC00231"
"2757","Budesonide","Inhalation Capsule","400 mcg/Metered Inhalation","44","DC00227"
"2758","Ciprofloxacin","Tablet","750 mg","23","DC00220"
"2759","Metronidazole","Bolus","2 gm","77","DC00238"
"2760","Montelukast","Tablet","5 mg","44","DC00216"
"2761","Diclofenac Sodium","Gel","1 gm/100 gm","71","DC00189"
"2762","Celecoxib","Capsule","200 mg","64","DC00216"
"2763","Water For Injection","Injection",".5 ml","79","DC00149"
"2764","Calcipotriol","Cream",".5 mg/100 gm","71","DC00208"
"2765","Ephedrine Hydrochloride","Injection","15 mg/3 ml","1","DC00224"
"2766","Ephedrine Hydrochloride","Injection","25 mg/5 ml","1","DC00224"
"2767","Methyl Ergometrine Maleate","Tablet","200 mcg","49",""
"2768","Cephalexin","Tablet","250 mg","23","DC00199"
"2769","Entecavir","Tablet","1 mg","32","DC00233"
"2770","Entecavir","Tablet",".5 mg","32","DC00233"
"2771","Clarithromycin","Tablet","250 mg","23","DC00211"
"2772","Calcium Gluconate + Dextrose Anhydrous + Magnessium Chloride","IV Infusion","25 gm + 5 gm + 3 gm/100 ml","77","DC00238"
"2773","Fluorometholone + Gentamicin","Eye Ointment","100 mg + 300 mg/100 ml","52","DC00206"
"2774","Ambroxol Hydrochloride","Pellets","285.27 gm","34",""
"2775","Iopanoic Acid","Tablet","500 mg","41","DC00158"
"2776","Triamcinolone Acetonide","Tablet","4 mg","72","DC00238"
"2777","Doxycycline","Capsule","200 mg","",""
"2778","Carbonyl Iron","Tablet","45 mg","45","DC00226"
"2779","Zinc","Syrup","20 mg/5 ml","62","DC00231"
"2780","Cefixime","Tablet","200 mg","23","DC00238"
"2781","Eszopiclone","Tablet","2 mg","57","DC00233"
"2782","Gatifloxacin","Tablet","400 mg","23","DC00228"
"2783","Fusidic Acid + Hydrocortisone Acetate","Cream","2 gm + 1 gm/100 gm","71","DC00214"
"2784","Gentamicin","Eye and Ear Drops","300 mg/100 ml","52","DC00124"
"2785","Promethazine Hydrochloride","Tablet","10 mg","21","DC00160"
"2786","Pefloxacin","Injection","400 mg/5 ml","23","DC00238"
"2787","Diclofenac Sodium","Suppository","25 mg","64","DC00232"
"2788","Betamethasone + Lidocaine Hydrochloride + Phenylephrine","Ointment","500 mg + 2.5 gm + .1 gm/100 gm","71",""
"2789","Levosalbutamol Sulphate","Aerosol Inhalation","50 mcg/Metered Inhalation","44","DC00233"
"2790","Ethinylestradiol + Lynestrenol","Tablet","50 mcg + 2.5 mg","39","DC00162"
"2791","Sulphadiazine + Sulphadimidine + Sulphapyridine","Powder","1.666 gm + 1.666 gm + 1.666 gm","77","DC00238"
"2792","Ramipril","Tablet","1.25 mg","22","DC00221"
"2793","Topiramate","Tablet","25 mg","46","DC00221"
"2794","Topiramate","Tablet","50 mg","46","DC00221"
"2795","Follitropin Alfa","Injection","1050 IU/vial","49","DC00228"
"2796","Ciprofloxacin","Powder For Suspension","250 mg/5 ml","23","DC00230"
"2797","Povidone Iodine","Powder","5 gm/100 gm","71","DC00233"
"2798","Ambroxol","Tablet","30 mg","31","DC00238"
"2799","Pefloxacin","Tablet","400 mg","23","DC00238"
"2800","Tobramycin","Eye Ointment","3 mg/gm","52","DC00206"
"2801","Bromhexine Hydrochloride","Tablet","4 mg","31","DC00221"
"2802","Ketoconazole","Tablet","200 mg","20",""
"2803","Prednisolone","Solution","15 mg/5 ml","72","DC00234"
"2804","Loratadine","Tablet","10 mg","21","DC00200"
"2805","Gramicidin + Neomycin Sulphate + Nystatin + Triamcinolone Acetonide","Cream","25 mg + 250 mg + 100 Lac IU + 100 mg/100 gm","71",""
"2806","Gentamicin","Cream","300 mg/100 gm","71","DC00160"
"2807","Naloxone Hydrochloride","Injection","400 mcg/ml","66","DC00160"
"2808","Riboflavin","Tablet","5 mg","79","DC00145"
"2809","Cephalexin","Tablet","500 mg","23","DC00194"
"2810","Cetrimide + Chlorhexidine Hydrochloride","Cream","500 mg + 100 mg/100 gm","71","DC00238"
"2811","Valsartan","Capsule","40 mg","22",""
"2812","Oxybendazole","Bolus","2 gm","77","DC00238"
"2813","Ciprofloxacin + Hydrocortisone Acetate","Eye Drops","300 mg + 1 gm/100 ml","52",""
"2814","Cod Liver Oil","Soft Gelatin Capsule","85 IU","75","DC00146"
"2815","Dextromethorphan + Pseudoephedrine Hydrochloride + Triprolidine Hydrochloride","Syrup","10 mg + 30 mg + 1.25 mg/5 ml","31","DC00243"
"2816","Calcium Chloride + Dextrose Anhydrous + Magnessium Chloride + Sodium Acetate + Sodium Chloride","Dialysis Solution",".257 % + 7 % + .0152 % + 3.69 % + .561 %","59","DC00171"
"2817","Sodium Chloride","Injection","9 mg/ml","79",""
"2818","Homatropine Hydrobromide","Eye Drops","2 %","52","DC00150"
"2819","Lodoxamide","Eye Drops","1 mg/ml","52","DC00204"
"2820","Insulin (Human) R","Injection","100 IU/ml","15","DC00215"
"2821","Ramipril","Tablet","5 mg","22","DC00221"
"2822","Levothyroxine Sodium","Tablet","100 mcg","74","DC00234"
"2823","Sodium Cromoglycate","Aerosol Inhalation","5 mg/Metered Inhalation","44","DC00238"
"2824","Isoflurane","Solution","100 ml","4","DC00215"
"2825","Cefdinir","Capsule","600 mg","23",""
"2826","Theophylline","Tablet","125 mg","44",""
"2827","Citalopram Hydrobromide","Tablet","10 mg","14","DC00001"
"2828","Ziprasidone","Capsule","60 mg","28","DC00228"
"2829","Homatropine Hydrobromide","Powder","2 %","",""
"2830","Nortriptyline","Tablet","25 mg","14","DC00238"
"2831","Colistin Sulphate + Trimethoprim","Powder","1200000 IU + 200 mg/gm","77",""
"2832","Morphine Sulphate","Tablet","15 mg","65","DC00223"
"2833","Dexamethasone + Neomycin + Polymixin B Sulphate","Eye Drops","100 mg + 350 mg + 6000 IU/100 ml","52","DC00160"
"2834","Linezolid","Powder For Suspension","100 mg/5 ml","23","DC00224"
"2835","Nicotinamide + Pantothenic acid + Riboflavin + Vitamin A + Vitamin B1 + Vitamin C + Vitamin D","Paediatric Drops","6 mg + 3 mg + 600 mcg + 3000 IU + 960 mcg + 30 mg + 600 IU/ml","78",""
"2836","Levamisole","Injection","750 mg/100 ml","77","DC00238"
"2837","Povidone Iodine","Cream","6 gm/100 gm","71","DC00203"
"2838","Vitamin C + Vitamin E","Tablet","200 mg + 50 mg","78","DC00238"
"2839","Ambroxol","Paediatric Drops","15 mg/5 ml","31","DC00228"
"2840","Hydrochlorothiazide","Tablet","25 mg","42","DC00160"
"2841","Tegaserod","Tablet","2 mg","75","DC00214"
"2842","Ketamine","Injection","50 mg/ml","4","DC00160"
"2843","Citalopram Hydrobromide","Tablet","20 mg","14","DC00223"
"2844","Morphine Sulphate","Injection","15 mg/ml","65","DC00238"
"2845","Dextrose Anhydrous + Potassium Chloride + Sodium Chloride + Trisodium Citrate","Oral Saline","20 gm + 1.5 gm + 3.5 gm + 2.9 gm/Litres","79","DC00171"
"2846","Dextran 70 + Hypromellose","Eye Drops","100 mg + 300 mg/100 ml","52","DC00234"
"2847","Phenobarbitone Sodium","Injection","200 mg/ml","46","DC00238"
"2848","Viamin D + Vitamin A + Vitamin E","Injection","40000 IU + 80000 IU + 20 mg/ml","77","DC00238"
"2849","Pyrimethamine + Sodium Salicylate + Sulphaquinoxaline + Vitamin K","Liquid","1 gm + 5 gm + 5 gm + 320 mg/100 ml","77","DC00238"
"2850","Povidone Iodine","Mouth Wash","1 gm/100 ml","73","DC00203"
"2851","Rilmenidine","Tablet","1 mg","21","DC00229"
"2852","Anastrozol","Tablet","1 mg","10","DC00229"
"2853","Bicalutamide","Tablet","150 mg","10","DC00229"
"2854","Candesartan Cilexetil","Tablet","4 mg","22","DC00224"
"2855","Natamycin","Eye Drops","50 mg/ml","52","DC00193"
"2856","Levamisole","Tablet","40 mg","8","DC00150"
"2857","Levamisole","Powder","60 gm/100 gm","77","DC00238"
"2858","Calcium Chloride + Magnessium Chloride + Potassium Chloride + Sodium Acetate + Sodium Chloride","Dialysis Solution",".514 % + .356 % + .521 % + 18.088 % + 19.84 %","59","DC00193"
"2859","Loratadine + Pseudoephedrine Hydrochloride","Tablet","5 mg + 120 mg","21","DC00228"
"2860","Cyanocobalamin + Pyridoxine Hydrochloride + Vitamin B1","Tablet","200 mcg + 200 mg + 100 mg","78","DC00230"
"2861","Ascorbic Acid + Elemental Iron + Folic Acid + Nicotinamide + Pyridoxine Hydrochloride + Riboflavin + Thiamine Hydrochloride + Zinc","Capsule","50 mg + 47 mg + 500 mcg + 20 mg + 2 mg + 2 mg + 5 mg + 22.5 mg","78",""
"2862","Levamisole","Bolus","250 mg","77","DC00238"
"2863","Olmesartan Medoxomil","Tablet","10 mg","22","DC00237"
"2864","Trandolapril","Capsule","1 mg","22","DC00226"
"2865","Trandolapril","Capsule","500 mcg","22","DC00226"
"2866","Bicalutamide","Tablet","50 mg","10","DC00229"
"2867","Levo Norgestrel","Tablet","1.5 mg","39","DC00240"
"2868","Salmon Oil","Soft Gelatin Capsule","1 gm","61","DC00240"
"2869","Potassium Bicarbonate + Sodium Alginate","Tablet","100 mg + 500 mg","7","DC00240"
"2870","Alendronic Acid","Tablet","10 mg","48","DC00212"
"2871","Dextran 70 + Sodium Chloride","IV Infusion","6 gm + 900 mg","79","DC00171"
"2872","Dicycloverine Hydrochloride","Syrup","10 mg/5 ml","11","DC00231"
"2873","Ranitidine","Tablet","150 mg","55","DC00142"
"2874","Levetiracetam","Tablet","250 mg","46","DC00237"
"2875","Tramadol Hydrochloride","Capsule","50 mg","65","DC00210"
"2876","Norfloxacine","Injection","150 mg/ml","77","DC00211"
"2877","Sodium Bicarbonate + Sodium Chloride","Dialysis Solution","66 gm + 30.5 gm/Litres","59","DC00227"
"2878","Sunitinib","Capsule","12.5 mg","10","DC00238"
"2879","Aztreonam","Injection","500 mg/vial","23","DC00240"
"2880","Aztreonam","Injection","2 gm/vial","23","DC00240"
"2881","Dorzolamide + Timolol","Eye Drops","2 gm + 500 mg/100 ml","52","DC00241"
"2882","Erythropoietin","Injection","4000 IU/.4 ml","45","DC00207"
"2883","Estradiol","Tablet","2 mg","56","DC00206"
"2884","Estradiol","Tablet","4 mg","56","DC00206"
"2885","Folic Acid + Iodine + Iron + Niacin + Pyridoxine + Riboflavin + Selenium + Vitamin A + Vitamin B1 + Vitamin B12 + Vitamin C + Vitamin D + Vitamin E","Sachet",".15 mg + .09 mg + 10 mg + 6 mg + .5 mg + .5 mg + .017 mg + .4 mg + .5 mg + .0002 mg + 30 mg + .005 mg + 5 mg","78","DC00240"
"2886","Omeprazole","Sr Tablet","20 mg","20","DC00231"
"2887","Loteprednol Etabonate + Tobramycin","Eye Drops",".5 gm + .3 gm/100 ml","52","DC00238"
"2888","Prasugrel","Tablet","10 mg","26","DC00239"
"2889","Paclitaxel","Injection","300 mg/50 ml","10","DC00239"
"2890","Vinorelbine","Injection","10 mg/ml","10","DC00239"
"2891","Desferrioxamine Mesilate","Injection","500 mg/vial","45","DC00240"
"2892","Trimethoprim","Raw Materials","100 %","34",""
"2893","Lamivudine + Nevirapine + Zidovudine","Tablet","150 mg + 200 mg + 300 mg","32","DC00226"
"2894","Magnesium Stearate","Raw Materials","100 %","34",""
"2895","Flupenthixol","Tablet",".5 mg","28","DC00238"
"2896","Gentian Violet","Topical Solution","2 gm/100 gm","71","DC00163"
"2897","Hydroxyzine Hydrochloride","Tablet","25 mg","21","DC00220"
"2898","Antazoline Hydrochloride + Tetryzoline Hydrochloride","Eye Drops","50 mg + 40 mg/100 ml","52","DC00211"
"2899","Minoxidil","Scalp Lotion","20 mg/ml","71","DC00228"
"2900","Articaine Hydrochloride + Epinephrine","Injection","4 gm + 1 mg/100 ml","5","DC00238"
"2901","Clioquinol + Flumetasone Pivalate","Ear Drop","1 gm + .02 gm/100 ml","50","DC00238"
"2902","Clioquinol + Flumetasone Pivalate","Eye Drops","1 gm + .02 gm/100 ml","52","DC00238"
"2903","Fluocinolone Acetonide","Ointment","25 mg/100 gm","71","DC00238"
"2904","Theophylline","Tablet","250 mg","44","DC00209"
"2905","Lovastatin","Tablet","20 mg","61","DC00196"
"2906","Lovastatin","Tablet","40 mg","61","DC00196"
"2907","Diltiazem Hydrochloride","Tablet","30 mg","22","DC00158"
"2908","Aminocaproic Acid","Injection","1 gm/5ml","33","DC00212"
"2909","Choline + Cobalt + Cyanocobalamin + Iron + Vitamin B1","Bolus","9.1 mg + 50 mg + 20 mcg + 100 mg + 25 mg","77","\"
"2910","Betamethasone + Gentamicin","Cream","50 mg + 100 mg/100 gm","71","DC00235"
"2911","Vitamin C","Syrup","100 mg/5 ml","78","DC00235"
"2912","Flumequine","Solution","20 gm/100 ml","77","DC00238"
"2913","Beclomethasone Dipropionate","Inhalation Capsule","400 mcg","44","DC00224"
"2914","Allopurinol","Tablet","100 mg","76","DC00160"
"2915","Dexamethasone + Tobramycin","Eye Ointment","100 mg + 300 mg/100 gm","52","DC00210"
"2916","Sulphadimidine","Injection","33.3 gm/100 ml","77","DC00127"
"2917","Aspirin + Clopidogrel","Tablet","75 mg + 75 mg","26","DC00228"
"2918","Vitamin A + Vitamin D3 + Vitamin E","Liquid","62.5 mg + 20 mg + 20 mg","77",""
"2919","Dextrose Anhydrous + Sodium Chloride","Dialysis Solution","7 % + .561 %","59","DC00238"
"2920","Mercaptopurine","Tablet","50 mg","10",""
"2921","Povidone Iodine","Shampoo","4 gm/100 ml","71","DC00235"
"2922","Fexofenadine Hydrochloride + Pseudoephedrine Hydrochloride","Er Tablet","60 mg + 120 mg","21","DC00238"
"2923","Diflorasone Diacetate","Cream",".05 gm/100 gm","71","DC00238"
"2924","Pseudoephedrine Hydrochloride","Pellets","100 %","34",""
"2925","Isoniazid + Pyrazinamide + Rifampicin","Tablet","100 mg + 500 mg + 150 mg","30","DC00134"
"2926","Phenoxymethyl Penicillin","Tablet","500 mg","23","DC00231"
"2927","Clindamycin","Capsule","300 mg","23","DC00221"
"2928","Fluconazole","Tablet","150 mg","20","DC00209"
"2929","Ceftriaxone","IM Injection","250 mg","23","DC00169"
"2930","Boron + Calcium + Copper + Magnesium + Manganese + Phosphorous + Vitamin D + Zinc","Tablet","250 mg + 500 mg + 1 mg + 40 mg + 1.8 mg + 100 mg + 200 IU + 7.5 mg","",""
"2931","Naproxen","Tablet","500 mg","64","DC00231"
"2932","Vinpocetine","Injection","10 mg/2 ml","36","DC00162"
"2933","Doxylamine Succinate","Tablet","25 mg","21","DC00238"
"2934","Latanoprost + Timolol","Eye Drops",".05 mg + 5 mg/ml","52","DC00235"
"2935","Allystrenol","Tablet","5 mg","49","DC00240"
"2936","Tetracycline Hydrochloride","Powder","50 mg/gm","77","DC00238"
"2937","Bacitracin Zinc + Polymixin B Sulphate","Ointment","500 IU + 10000 IU/gm","",""
"2938","Cefaclor","Tablet","375 mg","23","DC00238"
"2939","Paracetamol","Suppository","60 mg","6","DC00233"
"2940","Sulphaquinoxaline","Solution","9.6 gm/100 ml","77","DC00238"
"2941","Pholcodine","Syrup","5 mg/5 ml","31","DC00137"
"2942","Spiramycine","Tablet","3 MIU","23","DC00206"
"2943","Sodium Valproate","Tablet","300 mg","46","DC00210"
"2944","Dicycloverine Hydrochloride","Tablet","10 mg","11","DC00231"
"2945","Diltiazem Hydrochloride","Pellets","50 %","34",""
"2946","Pantoprazole","Pellets","150 gm/KG","34",""
"2947","Norgestrel","Tablet","150 mcg","39","DC00238"
"2948","Desogestrel","Tablet","75 mcg","56","DC00224"
"2949","Medroxyprogesterone Acetate","Tablet","5 mg","39","DC00181"
"2950","Paromomycin","Capsule","250 mg","23","DC00238"
"2951","Tigecycline","IV Infusion","50 mg/vial","23","DC00238"
"2952","Clonazepam","Paediatric Drops","2.5 mg/ml","46","DC00001"
"2953","Phenobarbitone","Elixir","20 mg/5 ml","46","DC00233"
"2954","Folic Acid + Zinc","Tablet","5 mg + 20 mg","45","DC00233"
"2955","Ramipril","Capsule","2.5 mg","22","DC00189"
"2956","Amoxicillin","Tablet","500 mg","23","DC00238"
"2957","Bismuth Subsalicylate","Suspension","1.75 gm/100 ml","07","DC00243"
"2958","Loteprednol Etabonate","Eye Ointment","500 mg/100 gm","52","DC00243"
"2959","Amoxicillin","Injection","1.5 gm/10 ml","77","DC00207"
"2960","Amoxicillin","Injection","4.5 gm/30 ml","77","DC00207"
"2961","Dapagliflozin","Tablet","5 mg","15","DC00243"
"2962","Dexamethasone + Tobramycin","Eye Drops","50 mg + 300 mg/100 ml","52","DC00242"
"2963","Carbetocin","Injection","100 mcg/ml","49","DC00242"
"2964","Fluphenazine Hydrochloride + Nortriptyline","Tablet","1.5 mg + 30 mg","28","DC00238"
"2965","Erlotinib","Tablet","25 mg","10","DC00231"
"2966","Salmeterol","Inhalation Aerosol","25 mcg","44",""
"2967","Risedronate Sodium","Tablet","150 mg","28","DC00238"
"2968","Orlistat","Tablet","60 mg","75","DC00238"
"2969","Sulfasalazine","Tablet","500 mg","64","DC00151"
"2970","Amitriptyline Hydrochloride","Tablet","10 mg","14","DC00160"
"2971","Betamethasone","Ointment","100 mg/100 gm","71","DC00114"
"2972","Calcium Carbonate","Raw Materials","100 %","62","DC00001"
"2973","Fluorometholone + Tetryzoline Hydrochloride","Eye Drops","100 mg + 25 mg/100 ml","52","DC00211"
"2974","Eptifibatide","Injection","20 mg/10 ml","26","DC00238"
"2975","Natril Carbonate","Solution","4 gm/100 ml","77","DC00235"
"2976","Bromhexine Hydrochloride + Phenylbutazone","Oral Solution","1 gm + 5 gm/100 ml","77","DC00237"
"2977","Ceftriaxone","IM Injection","2 gm","23","DC00169"
"2978","Escitalopram","Tablet","10 mg","14","DC00224"
"2979","Neomycin Sulphate","Ointment","5 mg/gm","77","DC00103"
"2980","Tamsulosin Hydrochloride","Capsule","400 mcg","49","DC00223"
"2981","Baclofen","Tablet","10 mg","70","DC00226"
"2982","Ondansetron","Syrup","4 mg/5 ml","18","DC00232"
"2983","Ciprofloxacin","Capsule","500 mg","23","DC00228"
"2984","Amprolium","Powder","60 %","77","DC00238"
"2985","Disposable Syringe","Syringe","5 ml","41","DC00122"
"2986","Disposable Syringe","Syringe",".5 ml","41","DC00122"
"2987","Clomipramine Hydrocloride","Tablet","25 mg","14","DC00189"
"2988","Diclofenac Potassium","Tablet","25 mg","64","DC00190"
"2989","Piracetam","Tablet","1200 mg","75","DC00223"
"2990","Metformin Hydrochloride + Sitagliptin","Tablet","500 mg + 50 mg","15","DC00240"
"2991","Chlorhexidine Gluconate","Hand Rub","500 mg/100 ml","71","DC00146"
"2992","Terazosin","Tablet","2 mg","22","DC00228"
"2993","Methyl Ergometrine Maleate","Tablet","125 mcg","49","DC00178"
"2994","Isosorbide Dinitrate","Tablet","10 mg","40","DC00146"
"2995","Cetirizine Dihydrochloride","Tablet","10 mg","21","DC00234"
"2996","Acyclovir","Eye Ointment","3 gm/100 gm","52","DC00160"
"2997","Zinc Sulphate","Eye Drops",".25 %/ml","52",""
"2998","Ritodrine Hydrochloride","Tablet","10 mg","49","DC00238"
"2999","Povidone Iodine","Spray","2.5 gm/100 ml","71","DC00238"
"3000","Abciximab","Injection","10 mg/5 ml","40","DC00238"
"3001","Ferrous Fumarate + Folic Acid","Tablet","200 mg + 5 mg","45",""
"3002","Metformin Hydrochloride","Xr Tablet","500 mg","15","DC00226"
"3003","Metformin Hydrochloride","Xr Tablet","1 gm","15","DC00232"
"3004","Betamethasone + Salicylic Acid","Lotion",".05 gm + 2 gm/100 ml","71","DC00237"
"3005","Terazosin","Tablet","5 mg","22","DC00211"
"3006","Ondansetron","Suppository","16 mg","18","DC00239"
"3007","Hydrochlorothiazide + Olmesartan Medoxomil","Tablet","12.5 mg + 40 mg","22","DC00239"
"3008","Fenofibrate","Tablet","160 mg","61","DC00238"
"3009","Gentamicin","Ointment","300 mg/100 gm","71","DC00160"
"3010","Ciprofloxacin","Solution","10 gm","77","DC00119"
"3011","Doxepin","Cream","5 gm/100 gm","71","DC00237"
"3012","Levamisole","Solution","100 mg/ml","77","DC00226"
"3013","Efalizumab","Injection","125 mg/vial","71","DC00238"
"3014","Polymixin B Sulphate + Trimethoprim","Eye Drops",".14 gm + .1 gm/100 ml","52","DC00216"
"3015","Buprenorphine","Injection",".5 mg/ml","65","DC00216"
"3016","Febuxostat","Tablet","40 mg","76","DC00238"
"3017","Amlodipine + Olmesartan Medoxomil","Tablet","5 mg + 40 mg","22","DC00239"
"3018","Chloroxylenol","Liquid","2.4 gm/100 ml","29",""
"3019","Sodium Chloride","Eye Drops","5 gm/100 ml","52","DC00239"
"3020","Trifluridine","Eye Drops","1 gm/100 ml","52","DC00239"
"3021","Omeprazole","Pellets","150 gm/KG","34",""
"3022","Sodium Valproate","Syrup","250 mg/5 ml","46","DC00215"
"3023","Levocarnitine","Solution","10 gm/100 ml","75","DC00232"
"3024","Dexamethasone","Bolus","20 mg","77","DC00234"
"3025","Noradrenaline","Injection","1 mg/ml","01","DC00238"
"3026","Teicoplanin","Injection","400 mg/vial","23","DC00237"
"3027","Tramadol Hydrochloride","Sr Capsule","50 mg","65",""
"3028","Propofol","IV Injection","200 mg/20 ml","4","DC00181"
"3029","Hydrocortisone","Tablet","10 mg","72","DC00238"
"3030","Cetirizine Dihydrochloride","Melt In Mouth","10 mg","21","DC00234"
"3031","Amoxicillin Trihydrate + Colistin Sulphate","Oral Powder","20 gm + 120 MIU/100 gm","77","DC00238"
"3032","Metformin Hydrochloride + Sitagliptin","Tablet","1000 mg + 50 mg","15","DC00240"
"3033","Sodium Valproate","Tablet","250 mg","46","DC00212"
"3034","Ascorbic Acid + Biotin + Cyanocobalamin + Folic Acid + Nicotinamide + Pantothenic acid + Pyridoxine + Riboflavin + Thiamine","Injection","100 mg + .06 mg + .005 mg + .4 mg + 40 mg + 15 mg + 4 mg + 3.6 mg + 2.5 mg/vial","78","DC00240"
"3035","Bupivacaine + Dextrose","Injection","5 mg + 320 mg/ml","","DC00160"
"3036","Esomeprazole","Powder For Suspension","20 mg","67","DC00240"
"3037","Prednisolone Anhydrous","Tablet","5 mg","72","DC00240"
"3038","Bosentan","Tablet","62.5 mg","22","DC00233"
"3039","Carbidopa + Entacapone + Levodopa","Tablet","50 mg + 200 mg + 200 mg","25","DC00238"
"3040","Copper + Folic Acid + Iodine + Iron + Niacin + Pyridoxine + Riboflavin + Selenium + Vitamin A + Vitamin B1 + Vitamin B12 + Vitamin C + Vitamin D + Vitamin E + Zinc","Sachet",".56 mg + .15 mg + .09 mg + 10 mg + 6 mg + .5 mg + .5 mg + .017 mg + .4 mg + .5 mg + .0009 mg + 30 mg + .005 mg + 5 mg + 4.1 mg","78","DC00238"
"3041","Varenicline","Tablet",".5 mg","17","DC00239"
"3042","Gliclazide","Tablet","60 mg","15","DC00240"
"3043","Estriol","Tablet","2 mg","56","DC00240"
"3044","Telmisartan","Tablet","20 mg","42","DC00230"
"3045","Sildenafil","Tablet","100 mg","43","DC00241"
"3046","Sildenafil","Tablet","50 mg","43","DC00241"
"3047","Tadalafil","Tablet","40 mg","43","DC00241"
"3048","Metformin Hydrochloride + Vildagliptin","Tablet","500 mg + 50 mg","15","DC00240"
"3049","Metformin Hydrochloride + Vildagliptin","Tablet","850 mg + 50 mg","15","DC00240"
"3050","Atomoxetine","Tablet","10 mg","14","DC00239"
"3051","Amiodarone Hydrochloride","Injection","50 mg/ml","9","DC00240"
"3052","Tadalafil","Tablet","5 mg","43","DC00241"
"3053","Rituximab","Injection","100 mg/10 ml","10","DC00212"
"3054","Rituximab","Injection","500 mg/50 ml","10","DC00212"
"3055","Methyl Prednisolone Sodium Succinate","Injection","125 mg/vial","72","DC00241"
"3056","Mifepristone","Tablet","200 mg","49","DC00241"
"3057","Amoxicillin + Clarithromycin + Rabeprazole Sodium","Tablet","500 mg + 500 mg + 20 mg","",""
"3058","Ascorbic Acid + Biotin + Boron + Calcium Carbonate + Chromium + Copper + Cyanocobalamin + Diabasic Calcium Phosphate + Elemental Iron + Folic Acid + Iodine + Lutein + Magnesium + Manganese + Molybdenum + Niacin + Nickel + Pantothenic acid + Potassium Chloride + Pyridoxine Hydrochloride + Riboflavin + Selenium + Silicon + Tin + Vanadium + Vitamin B1 + Vitamin D + Vitamin E + Vitamin K + Zinc","Tablet","60 mg + 30 mcg + 150 mcg + 52.49 mg + 120 mcg + 2 mg + 6 mcg + 478.695 mg + 18 mg + 400 mcg + 150 mcg + 250 mcg + 100 mg + 2 mg + 75 mcg + 20 mg + 5 mcg + 10 mg + 152.52 mg + 2 mg + 1.7 mg + 20 mcg + 2 mg + 10 mcg + 10 mcg + 1.5 mg + 400 IU + 30 IU + 25 mcg + 15 mg","78","DC00233"
"3059","Ascorbic Acid + Biotin + Calcium + Choline Bitartrate + Chromium + Cyanocobalamin + Inositol + Iodine + Magnesium + Manganese + Pantothenic acid + Para-Amino-Benzoic Acid + Pottassium + Riboflavin + Selenium + Vitamin A + Vitamin B1 + Vitamin D3 + Vitamin E + Zinc","Syrup","1350 mg + 650 mcg + 550 mg + 200 mg + 70 mcg + 60 mcg + 200 mg + 500 mcg + 150 mg + 15 mg + 70 mg + 10 mg + 140 mg + 20 mg + 350 mcg + 17000 IU + 20 mg + 2750 IU + 200 IU + 50 mg","78","DC00233"
"3060","Frusemide","Syrup","40 mg/5 ml","42","DC00234"
"3061","Ondansetron","Injection","4 mg/2 ml","18","DC00211"
"3062","Biotin + Cobalt + Copper + Cyanocobalamin + DL-Methionine + Elemental Iron + Folic Acid + Iodine + L-Lysine HCl + Manganese + Nicotinamide + Pantothenic acid + Pyridoxine Hydrochloride + Riboflavin + Selenium + Vitamin A + Vitamin B1 + Vitamin D + Vitamin E + Vitamin K + Zinc","Powder","20 mcg + 100 mcg + 3.2 mg + 4 mcg + 20 mg + 12.8 mg + 200 mcg + 200 mcg + 12 mg + 20 mg + 10 mg + 4.8 mg + 1.6 mg + 2 mg + 60 mcg + 4800 IU + 600 mcg + 960 IU + 10 mg + 800 mcg + 16 mg","77","DC00238"
"3063","Albendazole","Bolus","600 mg","77","DC00109"
"3064","Oxyclozanide + Tetramisole Hydrochloride","Bolus","1.4 gm + 2 gm","77","DC00238"
"3065","Folinic Acid","Tablet","15 mg","45","DC00188"
"3066","Doxycycline + Oxytetracycline","Powder","1 gm + 2 gm","77","DC00238"
"3067","Nitroglycerin","Ointment","4 mg/gm","71","DC00237"
"3068","Cisplatin","Injection","10 mg/ml","10","DC00179"
"3069","Folinic Acid","Injection","50 mg/ml","45","DC00188"
"3070","Salbutamol","Inhalation Capsule","100 mcg","44","DC00238"
"3071","Betamethasone + Neomycin Sulphate","Cream","100 mg + 500 mg/100 gm","71","DC00181"
"3072","Magnesium Hydroxide Dried Gel, 96% + Magnesium Hydroxide Paste, 34%","Suspension","31.25 gm + 29.415 gm/500 ml","77","DC00238"
"3073","Zidovudine","Capsule","100 mg","32",""
"3074","Clozapine","Tablet","100 mg","14","DC00209"
"3075","Zinc Oxide","Ointment","75 mg/gm","71","DC00226"
"3076","Gentamicin + Hydrocortisone Acetate","Cream","300 mg + 100 mg/100 gm","71","DC00134"
"3077","Benzathine Penicillin","Injection","12 Lac Unit/vial","23","DC00184"
"3078","Desloratadine + Pseudoephedrine","Tablet","2.5 mg + 120 mg","21",""
"3079","Aspartame","Tablet","18 mg","75","DC00188"
"3080","Cefotaxime","IV/IM Injection","250 mg/vial","23","DC00142"
"3081","Warfarin Sodium","Tablet","5 mg","12","DC00160"
"3082","Ferrous Sulphate + Folic Acid + Nicotinamide + Pyridoxine Hydrochloride + Riboflavin + Vitamin B1 + Vitamin C","Capsule","150 mg + 500 mcg + 10 mg + 1 mg + 2 mg + 2 mg + 50 mg","45","DC00224"
"3083","Diclofenac Sodium","Raw Materials","100 %","34",""
"3084","Indomethacin","Suppository","100 mg","64","DC00160"
"3085","Enalapril Maleate","Tablet","10 mg","22","DC00207"
"3086","Medroxyprogesterone Acetate","Injection","150 mg/ml","39","DC00162"
"3087","Ciprofloxacin Hydrochloride","Pellets","400 gm/KG","34","DC00001"
"3088","Dicycloverine Hydrochloride","Injection","20 mg/2 ml","11","DC00232"
"3089","Tolperisone Hydrochloride","Tablet","100 mg","70","DC00232"
"3090","Clioquinol + Flumetasone Pivalate","Eye Drops","10 mg + .2 mg/ml","52","DC00238"
"3091","Rhubarb + Salicylic Acid","Oral Solution",".5 gm + .1 gm/10 ml","73","DC00238"
"3092","Theophylline","Tablet","100 mg","44","DC00238"
"3093","Lomefloxacin","Tablet","200 mg","23","DC00206"
"3094","Ampicillin","Powder For Suspension","250 mg/5 ml","23","DC00181"
"3095","Phenylephrine Hydrochloride","Eye Drops","2.5 gm/100 ml","52","DC00206"
"3096","Betamethasone + Lidocaine Hydrochloride + Phenylephrine","Rectal Ointment","500 mg + 2.5 gm + .1 gm/100 gm","71",""
"3097","Clobetasol Propionate","Scalp Lotion","50 mg/100 ml","71","DC00231"
"3098","Gemcitabine","Injection","1 gm/vial","10","DC00215"
"3099","Alfacalcidol","Tablet",".5 mcg","62","DC00213"
"3100","Paclitaxel","Injection","30 mg/5 ml","10","DC00209"
"3101","Barium Sulphate","Oral Solution","100 %","41","DC00204"
"3102","Acyclovir","Suspension","200 mg/5 ml","32","DC00237"
"3103","Doxepin","Capsule","75 mg","14","DC00237"
"3104","Phenylephrine Hydrochloride + Zinc Sulphate","Eye Drops","120 mg + 250 mg/100 ml","52","DC00206"
"3105","Brinzolamide","Eye Drops","10 mg/ml","52","DC00218"
"3106","Glyceryl Trinitrate","Tablet","2 mg","40","DC00215"
"3107","Caffeine + Ergotamine Tartrate","Suppository","100 mg + 2 mg","47","DC00211"
"3108","Bisoprolol Hemifumarate","Tablet","2.5 mg","22","DC00232"
"3109","Sibutramine Hydrochloride","Capsule","10 mg","14",""
"3110","Sulphaclozine","Powder","300 mg/gm","77","DC00238"
"3111","Ferrous Fumarate + Folic Acid","Capsule","200 mg + 350 mcg","45","DC00146"
"3112","Salmeterol","Capsule","50 mcg","44","DC00224"
"3113","Silver Sulphadiazine","Cream","1 %","71","DC00136"
"3114","Cephradine","IV/IM Injection","500 mg","23","DC00160"
"3115","Cephradine","Powder For Suspension","125 mg/1.25 ml","23","DC00201"
"3116","Dextrose Anhydrous + Potassium Chloride + Sodium Chloride + Trisodium Citrate","Oral Saline","13.5 gm + 1.5 gm + 2.6 gm + 2.9 gm/Litres","79","DC00226"
"3117","Lidocaine Hydrochloride + Oxytetracycline","Injection","2 gm + 20 gm","77","DC00238"
"3118","Calcitriol","Capsule",".25 mcg","78","DC00194"
"3119","Neomycin Sulphate","Sachet","500 mg/gm","77","DC00234"
"3120","Conjugated Oestrogens + Norgestrel","Tablet","625 mcg + 150 mcg","56","DC00206"
"3121","Neomycin Sulphate + Phenylephrine Hydrochloride","Nasal Drops","350 mg + 250 mcg/100 ml","50","DC00206"
"3122","Lidocaine + Phenylbutazone","Injection","10 mg + 200 mg/ml","77","DC00206"
"3123","Triamcinolone Acetonide","Cream","1 mg/gm","71","DC00157"
"3124","Gallamine Triethiodide","Injection","120 mg/3 ml","63","DC00160"
"3125","Amoxicillin + Clavulanic Acid","Injection","500 mg + 100 mg","23","DC00213"
"3126","Promethazine Hydrochloride","Injection","50 mg/2 ml","21","DC00160"
"3127","Beta Carotene + Copper + Manganese + Selenium + Vitamin C + Vitamin E + Vitamin K + Zinc","Tablet","6 mg + 1 mg + 3 mg + 70 mcg + 200 mg + 50 mg + 75 mcg + 15 mg","78","DC00226"
"3128","Clotrimazole","Cream","10 mg/gm","71","DC00150"
"3129","Desloratadine","Tablet","5 mg","21","DC00223"
"3130","Enrofloxacin","Powder","10 gm/100 gm","77","DC00211"
"3131","Levo Norgestrel","Tablet","750 mcg","39","DC00190"
"3132","Teicoplanin","Injection","200 mg/vial","23","DC00233"
"3133","Diclofenac Sodium","Tablet","75 mg","64","DC00210"
"3134","Alfacalcidol","Capsule","250 mcg","62","DC00189"
"3135","Oxcarbazepine","Suspension","300 mg","46","DC00235"
"3136","Fluorometholone + Gentamicin","Eye Drops","100 mg + 300 mg/100 ml","52","DC00206"
"3137","Peginterferon Alfa-2a","Injection","135 mcg/vial","58","DC00223"
"3138","Acitretin","Capsule","10 mg","71","DC00205"
"3139","Entecavir","Oral Solution","5 mg/100 ml","32","DC00235"
"3140","Clotrimazole","Vaginal Tablet","100 mg","20","DC00160"
"3141","Phenytoin Sodium","Capsule","100 mg","46","DC00238"
"3142","Black Seed Oil","Capsule","500 mg","",""
"3143","Ketorolac Tromethamine","Nasal Spray","157.5 mg/ml","50","DC00240"
"3144","Levocetrizine Dihydrochloride","Oral Solution","500 mcg/ml","21","DC00237"
"3145","Dexamethasone","Ointment",".04 gm/100 gm","71","DC00238"
"3146","Dextran 40 + Sodium Chloride","IV Infusion","10 gm + 900 mg/100 ml","79","DC00171"
"3147","Cyclosporine","Capsule","25 mg","58","DC00189"
"3148","Nicotine","Tablet","2 mg","37","DC00238"
"3149","Dextrose + Sodium Chloride","IV Infusion","5 gm + 250 mg/100 ml","79","DC00171"
"3150","Pizotifen","Tablet","500 mcg","47","DC00213"
"3151","Bisacodyl","Tablet","5 mg","60","DC00160"
"3152","Atenolol + Chlorthalidone","Tablet","100 mg + 25 mg","22","DC00232"
"3153","Suxamethonium Chloride","Injection","100 mg/2 ml","63","DC00160"
"3154","Ascorbic Acid + Nicotinamide + Pyridoxine Hydrochloride + Riboflavin + Vitamin A + Vitamin B1 + Vitamin D","Paediatric Drops","100 mg + 1 mg + 2 mg + 2.85 mg + 5000 IU + 1.67 mg + 666 IU/ml","78","DC00238"
"3155","Neomycin Sulphate","Powder","70 gm/100 gm","77","DC00238"
"3156","Ferrous Fumarate + Folic Acid","Tablet","200 mg + 200 mg","45","DC00124"
"3157","Fluticasone Propionate","Inhalation Capsule","500 mcg","44","DC00221"
"3158","Glyceryl Trinitrate","Injection","50 mg/10 ml","40","DC00191"
"3159","Inferferon Alfa-2a","Injection","4.5 MIU/.5 ml","58","DC00238"
"3160","Terbinafine","Tablet","125 mg","20","DC00190"
"3161","Ciprofloxacin","Powder For Suspension","125 mg","23",""
"3162","Anhydrous Glucose + Citric Acid + Potassium Chloride + Sodium Bicarbonate + Sodium Chloride","Ors Tablet","1.62 gm + 384 mg + 186 mg + 336 mg + 117 mg","79","DC00234"
"3163","Sulfinpyrazone","Tablet","200 mg","76","DC00237"
"3164","Tretinoin","Cream","50 mg/100 gm","71","DC00216"
"3165","6-Aminopenicillanic Acid","Raw Materials","100 %","34",""
"3166","Celiprolol Hydrochloride","Tablet","400 mg","22","DC00226"
"3167","Boron + Calcium + Copper + Magnesium + Manganese + Vitamin D3 + Zinc","Tablet","250 mcg + 600 mg + 1 mg + 40 mg + 1.8 mg + 5 mcg + 7.5 mg","62","DC00230"
"3168","Donepezil Hydrochloride","Tablet","5 mg","28","DC00221"
"3169","Esomeprazole","Injection","20 mg/vial","67","DC00231"
"3170","Cyanocobalamin + Toldimfos Sodium","Injection","5 mg + 20 gm/100 ml","77","DC00238"
"3171","Glipizide","Tablet","2.5 mg","15","DC00229"
"3172","Sertraline","Tablet","50 mg","14","DC00218"
"3173","Ascorbic Acid + Elemental Iron + Folic Acid + Nicotinamide + Pyridoxine Hydrochloride + Riboflavin + Vitamin B1","Capsule","50 mg + 50 mg + .5 mg + 10 mg + 1 mg + 2 mg + 2 mg","78","DC00224"
"3174","Flumequine","Powder","500 mg/gm","77","DC00238"
"3175","Ambroxol","Capsule","75 mg","31","DC00229"
"3176","Nefopam Hydrochloride","Injection","20 mg/ml","6","DC00234"
"3177","Levofloxacin","Oral Solution","125 mg/5 ml","23","DC00233"
"3178","Vitamin A","Soft Gelatin Capsule","50000 IU","78","DC00125"
"3179","Risperidone","Tablet","2 mg","28","DC00215"
"3180","Budesonide","Inhalation Capsule","200 mcg","44","DC00227"
"3181","Meropenem","Injection","500 mg/vial","23","DC00215"
"3182","Eplerenone","Tablet","25 mg","42","DC00235"
"3183","Eplerenone","Tablet","50 mg","42","DC00235"
"3184","Ampicillin","IV/IM Injection","1 gm","77","DC00238"
"3185","Brimonidine Tartrate","Eye Drops",".2 %","52","DC00233"
"3186","Sodium Cromoglycate","Aerosol Inhalation","1 mg/Metered Inhalation","44","DC00160"
"3187","Bromhexine Hydrochloride","Tablet","16 mg","31","DC00238"
"3188","Meropenem","Injection","1 gm/vial","23","DC00215"
"3189","Mebendazole","Bolus","750 mg","77","DC00238"
"3190","Clindamycin","Capsule","150 mg","23","DC00238"
"3191","Clindamycin","Injection","300 mg/2 ml","23","DC00238"
"3192","Bromfenac Sodium","Eye Drops",".09 %","","DC00234"
"3193","Clindamycin","Injection","600 mg/4 ml","23","DC00238"
"3194","Levofloxacin","IV Infusion","500 mg/100 ml","23","DC00230"
"3195","Phenobarbitone","Tablet","15 mg","46","DC00238"
"3196","Budesonide","Nasal Spray","1 mg/gm","50","DC00231"
"3197","Bromhexine + Nalidixic Acid + Neomycin Sulphate + Phenazone","Solution","200 mg + 10 gm + 3.5 gm + 5 gm/100 ml","77","DC00238"
"3198","Ascorbic Acid + Elemental Iron + Folic Acid + Nicotinamide + Pyridoxine Hydrochloride + Riboflavin + Vitamin B1","Capsule","50 mg + 47 mg + 500 mcg + 10 mg + 1 mg + 2 mg + 2 mg","78","DC00228"
"3199","Oxymetazoline Hydrochloride","Nasal Drops",".025 %","52","DC00212"
"3200","Aluminium Hydroxide + Magnesium Trisilicate","Tablet","250 mg + 500 mg","7","DC00150"
"3201","Ferrous Sulphate + Folic Acid + Zinc","Tablet","150 mg + 500 mcg + 22.5 mg","45","DC00210"
"3202","Fructose","IV Infusion","10 gm/100 ml","79","DC00208"
"3203","Budesonide","Aerosol Inhalation","100 mcg/Metered Inhalation","44","DC00212"
"3204","Clonazepam","Injection","1 mg/ml","46","DC00238"
"3205","Meloxicam","Suppository","15 mg","64","DC00224"
"3206","Meloxicam","Tablet","15 mg","64","DC00215"
"3207","Sodium Cromoglycate","Inhalation Capsule","20 mg","44","DC00221"
"3208","Pregabalin","Capsule","75 mg","46","DC00231"
"3209","Cyanocobalamin + Nicotinamide + Pyridoxine Hydrochloride + Riboflavin + Vitamin B1","Injection","5 mg + 5 gm + 500 mg + 150 mg + 2.5 gm/100 ml","77","DC00238"
"3210","Dextrose + Sodium Chloride","IV Infusion","4.3 gm + 180 mg/100 ml","79","DC00212"
"3211","Sulphadiazine + Trimethoprim","Powder","40 % + 8 %","77","DC00188"
"3212","Colistin Sulphate + Trimethoprim","Powder","50 Lac IU + 3.75 gm","77","DC00238"
"3213","Betamethasone","Eye, Ear & Nasal Drops","100 mg/100 ml","50","DC00162"
"3214","Paracetamol","Suppository","125 mg","6","DC00209"
"3215","Calcium Carbonate + Calcium Lactate Gluconate + Vitamin C","Tablet","327 mg + 1 gm + 500 mg","62","DC00216"
"3216","Tiemonium Methylsulphate","Tablet","50 mg","11","DC00202"
"3217","Mebendazole","Suspension","100 mg/5 ml","8","DC00146"
"3218","Atenolol + Chlorthalidone","Tablet","50 mg + 25 mg","22","DC00232"
"3219","Metronidazole","Suspension","200 mg/5 ml","27","DC00146"
"3220","Sulphamethoxazole + Trimethoprim","Suspension","200 mg + 40 mg/5 ml","23","DC00141"
"3221","Metronidazole","Tablet","800 mg","27","DC00223"
"3222","Sacaharin Sodium","Tablet","15 mg","75","DC00160"
"3223","Streptomycin + Sulphadiazine + Sulphadimidine + Sulphapyridine","Bolus","250 mg + 1.583 gm + 1.583 gm + 1.583 gm","77",""
"3224","Risedronate Sodium","Tablet","5 mg","28","DC00221"
"3225","Elemental Iron + Folic Acid + Nicotinamide + Pyridoxine Hydrochloride + Riboflavin + Vitamin B1 + Vitamin C + Zinc","Capsule","47 mg + .5 mg + 10 mg + 1 mg + 2 mg + 2 mg + 50 mg + 22.5 mg","45","DC00228"
"3226","Terazosin","Capsule","2 mg","22","DC00238"
"3227","Terazosin","Capsule","5 mg","22","DC00214"
"3228","Sulphachloropyridazone + Trimethoprim","Powder","10 % + 2 %","77","DC00238"
"3229","Tylosin","Powder","20 gm/100 gm","77","DC00238"
"3230","Erythromycin","Powder For Suspension","125 mg/5 ml","23","DC00160"
"3231","Esomeprazole","Tablet","40 mg","67","DC00221"
"3232","Esomeprazole","Tablet","20 mg","67","DC00220"
"3233","Acarbose","Tablet","100 mg","15","DC00210"
"3234","Ampicillin","Injection","2 gm","77","DC00238"
"3235","Loratadine","Suspension","5 mg/5 ml","21","DC00214"
"3236","Cefaclor","Capsule","500 mg","23","DC00208"
"3237","Roxithromycin","Powder For Suspension","50 mg/5 ml","23","DC00220"
"3238","Aluminium Hydroxide + Magnesium Trisilicate","Suspension","35 gm + 15 gm","7","DC00146"
"3239","Tretinoin","Gel","25 mg/100 gm","71","DC00213"
"3240","Ampicillin + Colistin","Injection","10 gm + 25 MIU/100 ml","77","DC00209"
"3241","Cefoxitin","Injection","1 gm/vial","23","DC00230"
"3242","Nitrazepam","Tablet","5 mg","57","DC00155"
"3243","Lisinopril","Tablet","2.5 mg","22","DC00217"
"3244","Haloperidol","Injection","5 mg/ml","28","DC00152"
"3245","Vitamin C","Paediatric Drops","100 mg/ml","78","DC00235"
"3246","Sennosides","Tablet","60 mg","60","DC00162"
"3247","Ciprofloxacin","Powder","200 gm/Kg","77","DC00238"
"3248","Ascorbic Acid + Calcium d-Pantothenate + Cynocobalamin + Folic Acid + Nicotinamide + Pyridoxine Hydrochloride + Riboflavin + Vitamin B1","Capsule","175 mg + 25 mg + 5 mcg + 500 mcg + 100 mg + 10 mg + 25 mg + 50 mg","78","DC00231"
"3249","Thiopentone Sodium","Injection","500 mg","4","DC00160"
"3250","Thiopentone Sodium","Injection","1 gm","4","DC00160"
"3251","Isoniazid + Rifampicin","Tablet","150 mg + 300 mg","30","DC00160"
"3252","Cyanocobalamin + DL-Methionine + Inositol + Nicotinamide + Pantothenic acid + Pyridoxine Hydrochloride + Riboflavin + Vitamin B1","Injection","2 mcg + 5 mg + 2 mg + 100 mg + 10 mg + 5 mg + 5 mg + 50 mg/ml","77","DC00238"
"3253","Ivermectin","Injection","1 gm/100 ml","77","DC00223"
"3254","Haloperidol","Injection","150 mg/3 ml","28","DC00191"
"3255","Vitamin C","Sr Capsule","250 mg","78","DC00228"
"3256","Digoxin","Soft Gelatin Capsule","50 mcg","35","DC00228"
"3257","Theophylline","Syrup","120 mg/5 ml","44","DC00160"
"3258","Calcium + Vitamin D","Tablet","500 mg + 200 IU","62",""
"3259","Isoniazid + Pyrazinamide + Rifampicin","Tablet","150 mg + 500 mg + 300 mg","30","DC00134"
"3260","Isoniazid + Rifampicin","Tablet","50 mg + 100 mg","30","DC00209"
"3261","Iron + Nicotinamide + Pyridoxine Hydrochloride + Riboflavin + Vitamin B1 + Zinc","Syrup","50 mg + 20 mg + 2 mg + 2 mg + 5 mg + 10 mg/5 ml","78","DC00230"
"3262","Cloxacillin","Raw Materials","100 %","34",""
"3263","Tretinoin","Cream","25 mg/100 gm","71","DC00213"
"3264","Glucosamine","Tablet","500 mg","64","DC00223"
"3265","Olanzapine","Tablet","5 mg","28","DC00215"
"3266","Ziprasidone","Capsule","80 mg","28","DC00228"
"3267","Non Pareil Seed","Raw Materials","100 %","34",""
"3268","Indapamide","Tablet","1.5 mg","42","DC00215"
"3269","Hydroxyurea","Capsule","500 mg","23","DC00228"
"3270","Adapalene","Gel","3 mg/gm","71","DC00237"
"3271","Erythropoietin","Injection","3000 IU/.75 ml","45","DC00207"
"3272","Zolendronic Acid","Injection","4 mg/5 ml","48","DC00238"
"3273","Risperidone","Tablet","3 mg","28",""
"3274","Hydrochlorothiazide + Valsartan","Tablet","25 mg + 160 mg","22","DC00230"
"3275","Benzathine Penicillin + Procaine Benzylpenicillin","Injection","1500000 IU + 1500000 IU/vial","77","DC00219"
"3276","Oxymorphone Hydrochloride","Tablet","5 mg","65","DC00240"
"3277","Oxymorphone Hydrochloride","Tablet","10 mg","65","DC00240"
"3278","Acetylcysteine","Resperitory Solution","200 mg/ml","31","DC00240"
"3279","Cetirizine Dihydrochloride","Melt In Mouth","5 mg","21","DC00234"
"3280","Tobramycin","Resperitory Solution","60 mg/ml","23","DC00240"
"3281","Terbutaline Sulphate","Resperitory Solution","2.5 mg/ml","44","DC00240"
"3282","Nepafenac","Eye Drops",".1 gm/100 ml","52","DC00240"
"3283","Sodium Selenate + Vitamin E","Injection",".5 mg + 50 mg/ml","77","DC00235"
"3284","Rifaximin","Tablet","550 mg","23","DC00240"
"3285","Oxymorphone Hydrochloride","Injection","1 mg/ml","65","DC00240"
"3286","Atorvastatin","Tablet","80 mg","61","DC00240"
"3287","Aluminium Chloride Hexahydrate","Topical Solution","20 gm/100 ml","71","DC00240"
"3288","Acetylcysteine","Resperitory Solution","100 mg/ml","31","DC00240"
"3289","Adapalene","Gel","100 mg/100 gm","71","DC00224"
"3290","Sodium Hyaluronate","Eye Drops",".1 gm/100 ml","52","DC00240"
"3291","Rifaximin","Tablet","200 mg","23","DC00240"
"3292","Mesna Disulfide","Injection","400 mg/4 ml","10","DC00240"
"3293","Pyridostigmine","Tablet","60 mg","37","DC00237"
"3294","Fenticonazole Nitrate","Cream","2 gm/100 gm","71","DC00240"
"3295","Piperacillin + Tazobactam","Injection","2 gm + 250 mg/vial","23","DC00239"
"3296","Elemental Iron + Folic Acid + Zinc","Tablet","47 mg + 500 mcg + 22.5 mg","45","DC00226"
"3297","Orlistat","Capsule","60 mg","75","DC00238"
"3298","Nitrofurantoin + Nitrofurantoin Microcrystals","Capsule","37.5 mg + 12.5 mg","23","DC00238"
"3299","Sodium Hyaluronate","Eye Drops",".2 gm/100 ml","52","DC00240"
"3300","Nitrofurantoin + Nitrofurantoin Microcrystals","Capsule","75 mg + 25 mg","23","DC00238"
"3301","Mitomycin","Injection","10 mg/vial","10","DC00240"
"3302","Mitomycin","Injection","40 mg/vial","10","DC00240"
"3303","Streptomycin + Sulfadiazine + Sulfadimidine + Sulfapyridine","Bolus","313 mg + 1.583 gm + 1.583 gm + 1.583 gm","77","DC00188"
"3304","Ampicillin + Colistin","Suspension","10 gm + 25 MIU/100 ml","77",""
"3305","Sodium Cromoglycate + Xylometazoline Hydrochloride","Nasal Spray","2.6 mg + 32.5 mg/100 ml","50","DC00228"
"3306","Gentamicin","Oral Powder","20 gm/100 gm","77","DC00238"
"3307","Palonosetron","Injection",".25 mg/vial","18","DC00238"
"3308","Ethinylestradiol + Ferrous Fumarate + Norgestrel","Tablet",".03 mg + 75 mg + .3 mg","39","DC00207"
"3309","Miltefosine","Capsule","10 mg","24","DC00238"
"3310","Demeclocycline Hydrochloride","Tablet","300 mg","23","DC00238"
"3311","Alprazolam","Tablet",".5 mg","57","DC00211"
"3312","Zolmitriptan","Nasal Spray","50 mg/ml","50","DC00226"
"3313","Theophylline","Pellets","100 %","34",""
"3314","Nicotinamide + Pyridoxine Hydrochloride + Riboflavin + Vitamin B1 + Zinc","Syrup","400 mg + 40 mg + 50 mg + 100 mg + 200 mg/100 ml","78","DC00231"
"3315","Fluorometholone + Tetrahydrozoline Hydrochloride","Eye Drops","100 mg + 25 mg/100 ml","52","DC00211"
"3316","Sodium Citrate","Raw Materials","100 %","34",""
"3317","Calcium Hydrogen Phosphate","Raw Materials","100 %","34",""
"3318","Potassium Chloride","Raw Materials","100 %","34",""
"3319","Lanthanum","Tablet","1000 mg","62","DC00238"
"3320","Valacyclovir","Caplet","1000 mg","32","DC00238"
"3321","Cloprostenol","Injection","250 mcg/ml","77","DC00194"
"3322","Cephalexin","Injection","180 mg/ml","23","DC00194"
"3323","Testosterone Undecanoate","Capsule","40 mg","56","DC00211"
"3324","Fluconazole","Tablet","200 mg","20",""
"3325","Daunorubicin","Injection","20 mg/10 ml","10","DC00207"
"3326","Dexamethasone","Bolus","10 mg","77","DC00234"
"3327","Vasline","Repacking","100 %","34",""
"3328","Diethylcarbamazine Citrate","Tablet","100 mg","8","DC00164"
"3329","Oxytocin","Injection","5 IU/ml","49","DC00146"
"3330","Methyl Ergometrine Maleate","Injection","200 mcg/ml","49","DC00136"
"3331","Omeprazole","Tablet","20 mg","","DC00231"
"3332","Bacitracin Zinc + Neomycin Sulphate","Ointment","500 IU + 5 mg/gm","71","DC00155"
"3333","Halcinonide","Ointment","1 mg/gm","71","DC00162"
"3334","Celecoxib","Capsule","100 mg","64","DC00216"
"3335","Demeclocycline Hydrochloride","Tablet","150 mg","23","DC00238"
"3336","Calcium Chloride Dihydrate + Magnessium Chloride + Potassium Chloride + Sodium Acetate + Sodium Chloride","Dialysis Solution","5.1 gm + 3.56 gm + 5.2 gm + 181.01 gm + 198.4 gm/Litres","59",""
"3337","Paricalcitol","Capsule","1 mcg","74","DC00239"
"3338","Podophyllotoxin","Cream",".15 gm/100 gm","71","DC00238"
"3339","Heparin Sodium","Injection","1000 IU/ml","12","DC00162"
"3340","Ciprofloxacin","Solution","10 gm/100 ml","77","DC00119"
"3341","Omeprazole","Pellets","100 gm/KG","34",""
"3342","Magaldrate","Suspension","400 mg/5 ml","7","DC00207"
"3343","Alverine Citrate","Tablet","60 mg","11","DC00231"
"3344","Amoxicillin","Tablet","250 mg","23","DC00199"
"3345","Tramadol Hydrochloride","Injection","50 mg/ml","65","DC00210"
"3346","Calcium D Saccharate + Calcium Gluconate","Injection","25 mg + 2.378 mg","62",""
"3347","Tobramycin","Eye Drops","3 mg/ml","52","DC00210"
"3348","Hydrochlorothiazide + Ramipril","Tablet","12.5 mg + 2.5 mg","22","DC00234"
"3349","Hydrochlorothiazide + Ramipril","Tablet","25 mg + 5 mg","22","DC00234"
"3350","Ascorbic Acid + Calcium Pantothenate + Cupric Sulphate + Cyanocobalamin + Ferrous Sulphate + Folic Acid + Manganese Sulphate + Nicotinamide + Potassium Iodide + Potassium Sulphate + Pyridoxine Hydrochloride + Riboflavin + Vitamin A + Vitamin B1 + Vitamin D + Vitamin E + Zinc Sulphate","Tablet","60 mg + 10.92 mg + 2 mg + 6 mcg + 50 mg + 400 mcg + 1 mg + 20 mg + 196 mcg + 11.141 mg + 2 mg + 1.7 mg + 1.5 mg + 1.5 mg + 10 mcg + 15 IU + 41.16 mg","78","DC00193"
"3351","Repaglinide","Tablet",".5 mg","15","DC00215"
"3352","Nelfinavir","Tablet","250 mg","32","DC00226"
"3353","Lamivudine + Zidovudine","Tablet","150 mg + 300 mg","32","DC00224"
"3354","Celiprolol Hydrochloride","Tablet","200 mg","22","DC00226"
"3355","Mefenamic Acid","Tablet","500 mg","64","DC00218"
"3356","Efavirenz","Tablet","600 mg","32","DC00226"
"3357","Lamivudine","Tablet","150 mg","32","DC00213"
"3358","Pheniramine Maleate","Syrup","15 mg/5 ml","21",""
"3359","Gentamicin","Injection","40 mg/2 ml","23","DC00160"
"3360","Gliclazide","Tablet","80 mg","15","DC00113"
"3361","Ranitidine","Tablet","300 mg","55","DC00155"
"3362","Metformin Hydrochloride","Tablet","850 mg","15","DC00160"
"3363","Povidone Iodine","Topical Solution","5 gm/100 ml","71","DC00229"
"3364","Glimepiride + Rosiglitazone","Tablet","1 mg + 4 mg","15","DC00233"
"3365","Tramadol Hydrochloride","Tablet","50 mg","65","DC00240"
"3366","Sodium Dichloroisocyanurate","Tablet","6.6 gm","77","DC00228"
"3367","Cefaprine","Injection","500 mg/vial","23","DC00228"
"3368","Clotrimazole","Cream","2 gm/100 gm","71","DC00237"
"3369","Magnesium Hydroxide","Suspension","400 mg/5 ml","7","DC00100"
"3370","Prednisolone","Tablet","20 mg","72","DC00228"
"3371","Oseltamivir","Capsule","45 mg","32","DC00238"
"3372","Olopatadine","Eye Drops",".2 gm/100 ml","52","DC00238"
"3373","Fluride","Tablet","1 mg","62","DC00228"
"3374","Ampicillin","Powder For Suspension","125 mg/5ml","23","DC00171"
"3375","Ampicillin","IV/IM Injection","500 mg","23","DC00160"
"3376","Ampicillin","IV/IM Injection","250 mg","23","DC00238"
"3377","Pilocarpine Hydrochloride","Tablet","5 mg","37","DC00238"
"3378","Fluphenazine Decanoate","Injection","12.5 mg/.5 ml","28","DC00191"
"3379","Fluphenazine Decanoate","Injection","50 mg/2 ml","25","DC00191"
"3380","Rivastigmine","Tablet","4.5 mg","37","DC00218"
"3381","Betamethasone Sodium Phosphate + Neomycin Sulphate","Eye Ointment","100 mg + 500 mg/100 gm","52","DC00169"
"3382","Entacapone","Tablet","200 mg","25","DC00218"
"3383","Basiliximabum","Injection","20 mg/vial","58","DC00218"
"3384","Sulphamethoxazole + Trimethoprim","Injection","20 gm + 4 gm/100 ml","77",""
"3385","Morphine Sulphate","Cr Tablet","60 mg","65","DC00227"
"3386","Erythropoietin","Injection","10000 IU/ml","45","DC00207"
"3387","Erythropoietin","Injection","5000 IU/.5 ml","45","DC00207"
"3388","Erythropoietin","Injection","2000 IU/.5 ml","45","DC00207"
"3389","Rivastigmine","Tablet","6 mg","","DC00218"
"3390","Tizanidine","Tablet","2 mg","70","DC00214"
"3391","Losartan Potassium","Tablet","25 mg","22","DC00215"
"3392","Erythromycin","Tablet","500 mg","23","DC00146"
"3393","Diphenhydramine Hydrochloride","Capsule","25 mg","",""
"3394","Dithranol","Cream","1 gm/100 gm","71","DC00215"
"3395","Cefdinir","Powder For Suspension","250 mg/5 ml","23","DC00230"
"3396","Levofloxacin","Tablet","750 mg","23","DC00231"
"3397","Rivastigmine","Capsule","1.5 mg","37","DC00218"
"3398","Rivastigmine","Capsule","3 mg","37","DC00218"
"3399","Metformin Hydrochloride","Tablet","500 mg","15","DC00225"
"3400","Chloramphenicol","Capsule","250 mg","23","DC00145"
"3401","Prednisolone","Injection","7.5 mg/ml","77","DC00238"
"3402","Lidocaine Hydrochloride + Oxytetracycline","Injection","2 gm + 5 gm","77","DC00238"
"3403","Clobetasol Propionate + Neomycin Sulphate","Cream","50 mg + 500 mg/100 gm","71",""
"3404","Clobetasol Propionate + Neomycin Sulphate","Ointment","50 mg + 500 mg/100 gm","71",""
"3405","Imatinib","Capsule","100 mg","10","DC00223"
"3406","Nortriptyline","Capsule","25 mg","14","DC00238"
"3407","Oxytetracycline","Powder","25 %","77","DC00215"
"3408","Haemodialysis Solution","Solution",".","59","DC00162"
"3409","Econazole Nitrate + Triamcinolone Acetonide","Ointment","1 gm + 100 mg/100 gm","71","DC00118"
"3410","Tolmetin","Capsule","200 mg","64","DC00100"
"3411","Tolmetin","Capsule","400 mg","64","DC00100"
"3412","Cynocobalamine","Injection","1 mg/ml","78","DC00162"
"3413","Sulphadiazine","Tablet","500 mg","23","DC00120"
"3414","Lurasidone Hydrochloride","Tablet","40 mg","28","DC00243"
"3415","Garlic Oil","Capsule","10 mg","61","DC00243"
"3416","Hydrogen Peroxide 50%","Solution","12 ml/100 ml","29","DC00243"
"3417","Meropenem","Injection","250 mg/vial","23","DC00243"
"3418","Gentamicin","Injection","10 gm/100 ml","77","DC00226"
"3419","Filgrastim","Injection","120 mcg/.2 ml","45","DC00243"
"3420","Esomeprazole","Dr Granules For Suspension","20 mg","67","DC00240"
"3421","Ascorbic Acid + Betaine + Calcium Chloride Dihydrate + Magnesium Chloride Hexahydrate + Potassium Chloride + Sodium Chloride","Oral Solution","9 gm + 25 gm + 4 gm + 400 mg + 200 mg + 2 gm/100 ml","77","DC00240"
"3422","Amitriptyline Hydrochloride + Chlordiazepoxide","Tablet","12.5 mg + 5 mg","14","DC00243"
"3423","Amitriptyline + Chlordiazepoxide","Tablet","12.5 mg + 5 mg","14","DC00243"
"3424","Vardenafil Hydrochloride","Tablet","10 mg","43","DC00242"
"3425","Vardenafil Hydrochloride","Tablet","20 mg","43","DC00242"
"3426","Colistin Sulphate","Oral Solution","12 gm/100 ml","77","DC00243"
"3427","Pemetrexed","Injection","100 mg/ml","10","DC00239"
"3428","Pemetrexed","Injection","500 mg/5 ml","10","DC00239"
"3429","Lactase","Chewable Tablet","300 mg","51","DC00243"
"3430","Cytarabine","Injection","500 mg/5 ml","10","DC00243"
"3431","Azilsartan Medoxomil","Tablet","40 mg","22","DC00240"
"3432","Azilsartan Medoxomil","Tablet","80 mg","22","DC00240"
"3433","Bivalirudin","Injection","250 mg/5 ml","12","DC00243"
"3434","Lenalidomide","Capsule","10 mg","10","DC00242"
"3435","Lenalidomide","Capsule","25 mg","10","DC00242"
"3436","Gatifloxacin + Loteprednol Etabonate","Eye Drops","300 mg + 500 mg/100 ml","52","DC00244"
"3437","Aripiprazole","Tablet","2 mg","28","DC00244"
"3438","Aripiprazole","Oral Solution","100 mg/100 ml","28","DC00244"
"3439","Estriol","Cream","100 mg/100 gm","56","DC00214"
"3440","Noradrenaline","Injection","4 mg/2 ml","01","DC00238"
"3441","Tioconazole","Ointment","6.5 gm/100 gm","71","DC00243"
"3442","Daclatasvir","Tablet","60 mg","32","DC00244"
"3443","Doxepin","Tablet","3 mg","57","DC00244"
"3444","Doxepin","Tablet","6 mg","57","DC00244"
"3445","Palonosetron","Capsule","500 mcg","18","DC00241"
"3446","Mirabegron","Er Tablet","25 mg","01","DC00243"
"3447","Colistin Sulphate + Gentamicin","Powder","1000 Lac IU + 6000 gm/100 gm","77","DC00244"
"3448","Levamisole + Triclabendazole","Bolus","1.2 gm + 1.8 gm","77","DC00244"
"3449","Indacaterol","Inhalation Capsule","150 mcg","44","DC00240"
"3450","Indacaterol","Inhalation Capsule","300 mcg","44","DC00240"
"3451","Alfuzosin Hydrochloride","Tablet","2.5 mg","49","DC00242"
"3452","Isotretinoin","Capsule","5 mg","78","DC00240"
"3453","Betamethasone + Clotrimazole + Gentamicin","Cream","50 mg + 1 gm + 100 mg/100 gm","71","DC00244"
"3454","Rivaroxaban","Tablet","2.5 mg","12","DC00243"
"3455","Acyclovir + Hydrocortisone","Cream","5 gm + 1 gm/100 gm","32","DC00243"
"3456","Liquid Paraffin + Magnesium Hydroxide","Oral Emulsion","25 ml + 6 gm/100 ml","77","DC00244"
"3457","Aluminium Hydroxide + Aluminium Hydroxide Gel + Magnesium Hydroxide + Simethicone","Suspension","3.216 gm + 17.5 gm + 8 gm + 600 mg/100 ml","77","DC00244"
"3458","Metronidazole","Water Soluble Powder","30 gm/100 gm","77","DC00244"
"3459","Ceftriaxone","Injection","500 mg/vial","77","DC00244"
"3460","Diphenhydramine Hydrochloride","Bolus","500 mg","77","DC00244"
"3461","Calcium Carbonate + Cyanocobalamin + Diabasic Calcium Phosphate + Magnesium + Vitamin D3","Oral Solution","1.356 gm + 100 mg + 4.6 gm + 100 mg + 800 IU/100 ml","77","DC00244"
"3462","Dantrolene Sodium","Capsule","50 mg","70","DC00244"
"3463","Medical Carbon Dioxide","Gas","99.5 %","04",""
"3464","Medical Compressed Gas","Gas","100 %","04",""
"3465","Ondansetron","Solution","80 mg/100 ml","18","DC00232"
"3466","Racecadrotil","Granules For Suspension","10 mg","16","DC00244"
"3467","Racecadrotil","Granules For Suspension","30 mg","16","DC00244"
"3468","Inactivated Influenza Vaccine","Injection","15 mcg/.5 ml","69",""
"3469","Azathioprine","Tablet","50 mg","23",""
"3470","Salbutamol","Nebuliser Solution","2.5 mg/3 ml","44","DC00243"
"3471","Ipratropium Bromide + Salbutamol","Nebuliser Solution","500 mcg + 2.5 mg/3 ml","44","DC00243"
"3472","Ledipasvir + Sofosbuvir","Tablet","90 mg + 400 mg","32","DC00244"
"3473","Insulin Aspert 30/70","Injection","100 IU/ml","15","DC00242"
"3474","Canagliflozin","Tablet","100 mg","15","DC00243"
"3475","Lurasidone Hydrochloride","Tablet","20 mg","28","DC00244"
"3476","Zoledronic Acid","Solution For Infusion","5 mg/100 ml","48","DC00233"
"3477","Zoledronic Acid","Injection","4 mg/5 ml","48","DC00238"
"3478","Elemental Iron","Injection","200 mg/10 ml","45","DC00244"
"3479","Dexmedetomidine","Injection","200 mcg/2 ml","57","DC00242"
"3480","Nepafenac","Eye Drops","300 mg/100 ml","52","DC00243"
"3481","Apremilast","Tablet","10 mg","64","DC00244"
"3482","Tetrabenazine","Tablet","12.5 mg","28","DC00244"
"3483","Liquid Medical Oxygen","Gas","99.5 %","75",""
"3484","Liquid Medical Oxygen Compressed","Gas","99.5 %","75",""
"3485","Aspirin Immediate Release Tablet + Dipyridamole Extended Release Pellets","Capsule","25 mg + 200 mg","39","DC00244"
"3486","Ulipristal Acetate","Tablet","5 mg","39","DC00244"
"3487","Refined Soyabeen Oil","IV Injection","10 gm/100 ml","79",""
"3488","Colistin Sulphate","Powder","50 Lac IU/gm","77","DC00238"
"3489","Doxophylline","Tablet","200 mg","44","DC00244"
"3490","Medical Oxygen & Medical Nitrogen","Gas","20.4 %","04",""
"3491","Liquid Nitrogen","Gas","99.5 %","04",""
"3492","Calcium (Coral Calcium) + Vitamin D3","Tablet","500 mg + 200 IU","78","DC00230"
"3493","Denosumab","Injection","70 mg/ml","10","DC00242"
"3494","Denosumab","Injection","60 mg/ml","10","DC00241"
"3495","Denosumab","Injection","120 mg/1.7 ml","10","DC00242"
"3496","Adalimumab","Injection","40 mg/.8 ml","58","DC00241"
"3497","Pertuzumab","Injection","420 mg/14 ml","10","DC00242"
"3498","Human Tetanus Immunoglobulin","Injection","250 IU/ml","69",""
"3499","Adsorbed Tetanus Vaccine","Vaccine","40 %/.5 ml","69",""
"3500","Snake Venom Antiserum","Injection","6.7 ml/vial","69",""
"3501","Inactivated Influenza Vaccine","Vaccine","15 mcg/.5 ml","69",""
"3502","Measles And Rubella Vaccine","Vaccine","1000 Unit/.5 ml","69",""
"3503","Carbon Di Oxide + Ethylene Oxide","Gas","80 % + 20 %","75",""
"3504","Carbon Di Oxide + Ethylene Oxide","Gas","70 % + 30 %","75",""
"3505","Carbon Di Oxide + Ethylene Oxide","Gas","30 % + 70 %","75",""
"3506","Pentazocine","Injection","30 mg/ml","65","DC00244"
"3507","Febuxostat","Tablet","120 mg","76","DC00240"
"3508","Tonophosphan + Vitamin B12","Injection","100 mg + 20 mcg/ml","77","DC00238"
"3509","Erythromycin + Sulphadimethoxine Sodium + Trimethoprim","Injection","50 mg + 125 mg + 25 mg/ml","77","DC00232"
"3510","Epinephrine + Lidocaine","Injection","10 mcg + 20 mg/ml","05","DC00243"
"3511","Iron Sucrose (Iron (Iii) Hydroxide Sucrose Complex)","Injection","200 mg/10 ml","45","DC00244"
"3512","Methoxsalen","Capsule","10 mg","76","DC00244"
"3513","Darbepoetin","Injection","25 mcg","45","DC00241"
"3514","Darbepoetin","Injection","40 mcg/.4 ml","45","DC00241"
"3515","Darbepoetin","Injection","60 mcg/.3 ml","45","DC00244"
"3516","Darbepoetin","Injection","60 mcg/.5 ml","45","DC00244"
"3517","Erythropoietin","Injection","1000 IU/.5 ml","45","DC00244"
"3518","Phytomenadione","Soft Gelatin Capsule","1 mg","78","DC00244"
"3519","Carboprost","Injection","250 mcg/ml","49","DC00242"
"3520","Tofacitinib","Tablet","5 mg","58","DC00244"
"3521","Beclomethasone Dipropionate","Nasal Spray","50 mcg/Spray","50","DC00241"
"3522","Bromfenac","Eye Drops","700 mcg/ml","52","DC00244"
"3523","Docusate Sodium","Capsule","100 mg","60","DC00243"
"3524","Pirfenidone","Capsule","267 mg","75","DC00242"
"3525","Benzoyl Peroxide + Clindamycin","Gel","5 gm + 1 gm/100 gm","71","DC00241"
"3526","Imiquimod","Cream","5 gm/100 gm","71","DC00241"
"3527","Cetirizine Dihydrochloride","Orodispersible Tablet","10 mg","21","DC00234"
"3528","Amlodipine + Benazepril Hydrochloride","Capsule","2.5 mg + 10 mg","22","DC00231"
"3529","Mecobalamin","Injection",".5 mg/ml","78","DC00219"
"3530","Sparfloxacin","Tablet","100 mg","23","DC00001"
"3531","Simvastatin","Tablet","5 mg","61","DC00215"
"3532","Enalapril Maleate","Tablet","5 mg","22","DC00207"
"3533","Camphor + Menthol + Oil Clove + Oil Eucalyptus + Oil Turpentine","Ointment","2.5 gm + 2 gm + 2.5 gm + 1.25 gm + 1 gm/100 gm","71","DC00109"
"3534","Nitrofurazone","Cream","2 mg/gm","71","DC00102"
"3535","Fusidic Acid + Hydrocortisone Acetate","Ointment","2 gm + 1 gm/100 gm","71","DC00238"
"3536","Betamethasone Sodium Phosphate + Neomycin Sulphate","Eye, Ear & Nasal Drops","100 mg + 500 mg/100 ml","50","DC00238"
"3537","Fluconazole","Powder For Suspension","50 mg/5 ml","20","DC00198"
"3538","Fluconazole","Tablet","50 mg","20","DC00209"
"3539","Cefuroxime","Powder For Suspension","125 mg/5 ml","23","DC00203"
"3540","Prasugrel","Tablet","5 mg","26","DC00239"
"3541","Acemetacin","Capsule","60 mg","64","DC00240"
"3542","Budesonide","Nasal Spray","1 mg/ml","50","DC00231"
"3543","Tiemonium Methylsulphate","Syrup","200 mg/100 ml","11","DC00240"
"3544","Ferrous Fumarate","Suspension","100 mg/5 ml","45","DC00133"
"3545","Simvastatin","Tablet","40 mg","61",""
"3546","Granisetron","Tablet","1 mg","18","DC00223"
"3547","Ursodeoxycholic Acid","Capsule","250 mg","75","DC00229"
"3548","Acetazolamide","Tablet","250 mg","42","DC00105"
"3549","Piperazine","Powder","36 gm/100 gm","77","DC00127"
"3550","Amoxicillin","Bolus","500 mg","77","DC00238"
"3551","Nimodipine","Tablet","30 mg","22","DC00212"
"3552","Levofloxacin","Eye Drops","5 mg/ml","52","DC00228"
"3553","Imipramine Hydrochloride","Tablet","25 mg","14","DC00238"
"3554","Nitazoxanide","Tablet","500 mg","27","DC00233"
"3555","Terazosin","Capsule","1 mg","22","DC00214"
"3556","Ascorbic Acid + Beta Carotene + Copper + Manganese + Selenium + Vitamin E + Vitamin K + Zinc","Tablet","200 mg + 20000 IU + 500 mcg + 3 mg + 50 mcg + 50 mg + 250 mcg + 3 mg","",""
"3557","Dextrose + Sodium Chloride","IV Infusion","10 gm + 225 mg/100 ml","79","DC00166"
"3558","Fluticasone Propionate","Inhalation Capsule","250 mcg","44","DC00221"
"3559","Flumequine","Powder","100 mg/gm","77","DC00161"
"3560","Gatifloxacin","Tablet","200 mg","23","DC00228"
"3561","Levofloxacin","Tablet","250 mg","23","DC00220"
"3562","Vitamin A + Vitamin D3 + Vitamin E","Liquid","1000000 IU + 20000 IU + 20 IU/ml","77",""
"3563","Disposable Syringe","Syringe","50 ml","41","DC00122"
"3564","Naltrexone","Tablet","25 mg","17","DC00228"
"3565","Isosorbide Mononitrate","Tablet","50 mg","40","DC00208"
"3566","Aspirin","Raw Materials","100 %","34",""
"3567","Citric Acid Anhydrous + Dextrose Anhydrous + Sodium Bi Phosphate + Sodium Citrate","Blood bag",".3 % + 2.55 % + .22 % + 2.63 %","41","DC00171"
"3568","Digoxin","Soft Gelatin Capsule","200 mcg","35","DC00228"
"3569","Empty Hard Gelatin Capsule","Raw Materials","4 Size","34",""
"3570","Calcium Chloride + Dextrose Anhydrous + Potassium Chloride + Sodium Chloride + Sodium Lactate","IV Infusion","20 mg + 5 gm + 30 mg + 600 mg + 310 mg/100 ml","79","DC00235"
"3571","Cefetamet Pivoxil Hydrochloride","Tablet","250 mg","23","DC00193"
"3572","Chloroxylenol","Liquid","4.8 %","29","DC00149"
"3573","Dextrose + Sodium Chloride","IV Infusion","5 gm + 900 mg/100 ml","79","DC00123"
"3574","Diclofenac Sodium + Misoprostol","Tablet","75 mg + 200 mcg","64","DC00228"
"3575","Simvastatin","Tablet","20 mg","61","DC00215"
"3576","Benzylpenicillin + Procaine Penicillin + Streptomycin","Injection","4 Lac IU + 20 Lac IU + .5 gm","77","DC00200"
"3577","Ceftriaxone","IV Injection","1 gm","23","DC00169"
"3578","Glyceryl Trinitrate","Capsule","6.4 mg","40","DC00238"
"3579","Vitamin A","Capsule","2 Lac IU","78","DC00162"
"3580","Amino Acids (Essential) + Glucose & Electrolytes","IV Infusion","7 % + 10 %","3","DC00195"
"3581","Atropine Sulphate","Injection","1 mg/1ml","11","DC00149"
"3582","Gelatin","Raw Materials","100%","34",""
"3583","Sodium Hydroxide","Raw Materials","100 %","34",""
"3584","Levamisole + Metoclopramide + Niclosamide","Tablet","50 mg + 2.5 mg + 450 mg","77","DC00238"
"3585","Elemental Iron + Folic Acid + Nicotinamide + Pyridoxine Hydrochloride + Riboflavin + Vitamin B1 + Vitamin C + Zinc","Capsule","47 mg + 500 mcg + 10 mg + 1 mg + 2 mg + 2 mg + 50 mg + 22.5 mg","45",""
"3586","Boron + Calcium + Copper + Magnesium + Manganese + Vitamin D + Zinc","Tablet","250 mg + 600 mg + 1 mg + 40 mg + 1.8 mg + 200 IU + 7 mg","",""
"3587","Dexamethasone","Eye Ointment",".5 gm/100 gm","",""
"3588","Insulin (Human) N","Injection","40 IU/ml","15","215"
"3589","Cod Liver Oil","Emulsion","30.5 gm/100 ml","75","DC00119"
"3590","Sodium Acid Citrate","Blood bag","40 mg","41","DC00238"
"3591","Pefloxacin","Powder","10 gm/100 ml","77","DC00238"
"3592","Lomefloxacin","Eye Drops","3 mg/gm","52",""
"3593","Iron Sucrose (Iron (Iii) Hydroxide Sucrose Complex)","Injection","100 mg/5 ml","45","DC00232"
"3594","Alfacalcidol","Tablet","1 mcg","62","DC00213"
"3595","Dihydrostreptomycin + Tylosin","Powder for Solution","25 gm + 12.5 gm/500 ml","77","DC00204"
"3596","Boric Acid + Zinc Sulphate","Eye Drops","100 mg + 300 mg/100 ml","",""
"3597","Boric Acid + Zinc Sulphate","Eye Drops","1 gm + 300 mg/100 ml","",""
"3598","Dextran 70 + Disodium Edetate + Potassium Chloride + Sodium Chloride","Eye Drops","1 mg + 500 mcg + 1.2 mg + 7.7 mg/ml","52","DC00204"
"3599","Dexamethasone","Eye Ointment",".05 gm/100 gm","52","DC00238"